batterLevel,cpuTemp,camera,depth,velocity,acceleration,drag,distance,flow1,flow2,roll,pitch,yaw,prop_1,prop_2,prop_3,prop_4,prop_5,prop_6,time_now
8,12,0,21.42,2.1,-10.97,22.62,67.44,87.78,9.91,-30,159,-169,850,305,803,313,55,696,22:10:00
10,48,1,45.05,97.4,-14.38,-39.59,5.08,91.46,17.08,-133,-95,-46,224,33,266,88,49,197,23:35:01
10,46,0,13.21,5.83,38.82,-48.76,18.65,74.89,55.53,134,49,158,634,444,779,1010,200,825,06:08:07
0,42,1,23.95,13.89,33.28,2.68,92.87,36.01,24.07,-56,-29,-95,364,410,43,541,366,845,01:46:43
4,6,0,70.33,35.25,37.98,-44.44,48.1,54.56,67.89,-166,42,77,724,927,647,838,874,761,15:40:30
7,17,1,60.33,4.21,9.74,-3.38,73.95,91.59,66.54,21,152,-119,509,161,410,724,925,233,13:51:32
8,4,0,84.37,60.18,-30.97,-16.35,34.79,51.45,1.83,-3,-72,-2,709,601,414,400,307,987,01:53:45
1,16,0,77.11,18.4,18.47,25.88,86.08,34.99,55.45,174,69,74,525,185,283,833,695,423,03:39:41
9,48,0,56.4,11.89,12.13,10.33,61.6,21.67,87.28,-167,-149,152,14,101,308,752,852,171,19:58:40
0,26,1,93.45,9.04,27.92,-21.28,26.33,49.26,60.37,-56,-39,-163,305,795,788,398,438,871,01:51:35
10,41,1,32.38,39.85,30.3,-30.59,49.41,32.88,84.98,-97,92,-138,518,366,265,806,569,610,01:32:55
6,3,1,8.58,56.86,16.94,-1.72,76.28,24.91,53.94,-137,126,-28,193,948,469,971,708,260,11:14:53
5,22,0,3.23,59.06,49.58,39.94,63.39,53.16,36.94,60,84,142,583,28,251,542,1002,644,18:47:43
9,34,0,60.77,4.81,8.94,-13.96,51.6,84.85,88.35,-145,-86,-131,271,866,326,636,978,940,03:05:44
10,37,0,80.26,46.55,-10.04,-12.77,44.41,31.67,79.82,-54,61,152,823,5,57,890,864,702,23:54:30
2,10,1,17.05,26.95,19.47,-44.85,46.35,61.35,99.5,102,-82,108,786,809,571,913,363,907,04:08:08
2,27,0,82.61,86.14,1.23,-48.25,97.87,62.12,12.53,17,-27,-59,92,860,952,725,813,806,19:40:03
6,27,0,58.99,12.64,10.96,29.24,96.62,35.65,37.13,142,142,-170,739,248,858,503,889,917,20:36:11
11,3,1,57.57,45.83,-33.66,17.6,87.61,57.38,10.15,158,-168,-152,275,944,585,484,599,970,20:30:33
5,47,1,33.23,88.52,0.67,-14.86,65.86,63.06,52.98,-65,-119,158,735,12,685,430,429,287,15:52:13
5,45,0,11.41,81.93,-40.09,-4.21,73.01,22.32,36.36,-2,-42,-67,39,547,163,614,981,583,06:20:02
5,9,1,98.53,27.96,5.93,-32.38,86.89,31.41,89.27,-79,7,-167,877,11,840,652,584,13,03:48:22
10,25,0,25.82,70.32,38.25,37.79,55.37,16.09,19.69,131,7,-93,894,814,79,720,315,288,20:26:55
5,2,0,14.69,0.42,34.02,24.82,60.44,54.53,4.49,-25,-77,-44,875,428,1011,946,800,688,05:20:10
3,14,0,45.86,54.58,22.88,-27.03,51.34,1.25,4.87,-48,66,41,895,878,134,707,470,577,04:14:59
4,20,0,21.47,39.38,17.07,27.94,18.08,55.35,15.61,-143,-29,-41,931,229,380,731,267,688,21:57:50
6,14,1,39.43,49.6,-40.81,-35.83,36.57,78.06,76.13,-170,178,97,705,800,296,189,744,758,08:05:36
10,6,1,96.23,0.17,12.46,-18.22,23.45,42.14,67.63,-83,102,30,687,479,73,735,567,112,12:41:41
8,37,0,0.7,69.6,11.12,-33.73,63.03,89.21,62.16,-164,-106,77,444,605,5,360,244,783,17:59:05
11,17,1,40.75,77.71,46.6,-47.03,55.84,32.14,36.52,-72,-2,56,607,346,294,682,95,365,17:00:28
6,42,0,86.22,59.08,-32.16,-41.18,21.94,45.46,39.42,-39,-144,47,415,120,659,41,624,942,16:55:59
5,7,1,11.04,2.41,45.95,2.32,95.48,14.0,73.97,171,-38,-24,291,588,207,974,185,895,21:33:37
0,24,0,99.07,79.07,7.06,33.41,26.11,44.13,79.94,-179,-108,11,202,709,42,366,550,190,00:03:37
3,41,0,4.4,65.69,41.52,-20.75,1.98,13.88,80.57,-151,-117,52,438,974,380,682,336,418,20:00:08
5,36,1,71.87,70.97,16.76,-10.98,69.54,4.33,71.9,42,23,8,537,69,648,497,708,183,00:23:19
9,49,0,43.09,44.74,-34.18,42.0,1.1,53.98,98.71,-63,-63,60,794,988,693,818,849,339,17:47:55
1,15,0,97.13,48.02,44.49,47.72,5.91,48.51,68.4,-67,-155,2,335,679,176,228,835,531,16:23:33
7,12,1,19.69,87.11,8.69,27.41,72.77,36.54,55.77,-67,36,112,993,473,307,504,152,522,23:04:12
7,38,0,89.85,51.73,11.08,-24.32,2.22,62.02,87.78,60,-106,8,566,253,581,64,826,914,07:02:58
2,21,0,82.16,69.47,15.51,-11.89,55.0,38.91,70.55,163,105,-53,555,884,512,480,333,174,19:02:47
10,35,0,1.69,84.56,42.71,-28.18,53.12,95.27,73.26,164,-102,7,888,151,806,1012,711,481,07:48:07
8,9,1,45.7,52.73,-45.21,12.26,95.06,29.32,87.64,12,-119,40,164,38,169,382,499,573,22:36:52
10,12,0,76.22,75.94,-16.1,18.35,10.93,81.5,74.0,34,-43,28,213,359,711,547,867,140,13:46:11
9,26,1,73.64,45.37,26.99,-23.13,82.37,23.38,35.75,109,65,-166,810,477,979,801,683,973,05:54:18
0,14,1,52.22,15.7,26.89,11.61,89.18,1.13,11.83,66,-22,-120,382,312,642,604,404,275,05:14:09
11,34,0,96.71,68.91,-47.61,-32.52,79.17,28.35,43.3,-144,111,-150,925,244,699,464,1014,592,21:06:29
1,35,1,30.2,2.44,-38.24,-35.65,58.11,0.28,39.93,-48,-33,-151,146,222,726,281,921,113,07:08:41
2,1,1,73.85,22.52,-16.56,23.24,19.23,63.72,30.35,-96,144,100,38,698,25,135,738,125,11:41:17
7,6,1,34.48,76.97,1.29,4.98,50.41,99.17,46.33,129,24,12,826,299,815,836,963,548,03:33:42
7,29,0,15.95,80.26,17.96,-19.13,65.84,50.55,87.98,-105,-67,-138,216,336,597,524,700,867,13:51:13
10,2,0,31.49,22.14,27.28,26.75,58.62,87.1,13.49,-50,53,-93,133,297,946,594,230,204,15:07:23
5,6,0,49.5,7.6,24.78,48.8,13.37,92.05,75.44,-54,15,116,928,101,923,721,399,1005,21:56:11
4,44,1,98.65,51.93,-12.24,38.75,41.26,78.65,49.71,41,-111,136,974,691,899,263,522,733,15:15:00
0,13,0,11.53,7.28,-28.58,-43.96,38.5,66.23,32.16,108,-172,-68,558,520,994,807,571,975,07:34:11
1,49,1,49.95,53.95,-6.78,-27.84,64.37,29.53,72.05,-131,-48,54,393,536,609,819,909,853,05:19:55
12,16,0,40.3,6.03,31.12,-28.97,40.0,22.32,92.64,-69,49,-102,882,982,39,200,442,110,20:48:09
5,12,1,77.61,53.27,-28.43,-30.7,5.89,84.65,45.31,178,61,34,447,38,675,503,877,401,20:03:00
11,15,0,45.12,74.07,-47.03,36.22,87.1,89.68,62.49,-91,-2,81,795,970,933,534,364,318,11:11:07
2,29,1,65.58,7.22,10.29,8.57,90.66,96.42,93.39,100,91,-27,437,111,175,86,94,980,04:50:12
8,1,1,17.15,60.17,35.14,24.55,67.22,40.4,64.67,114,-127,126,492,629,965,641,584,527,22:11:59
7,5,1,64.18,44.4,20.77,33.63,77.35,14.24,97.07,156,142,154,1007,170,990,947,8,777,06:20:20
6,0,1,5.36,59.66,-13.88,-17.79,46.94,33.85,92.69,117,-44,82,308,281,965,57,295,600,14:18:26
7,32,0,73.01,18.4,-28.36,-16.92,43.19,48.4,21.12,-139,-50,-112,34,643,90,667,0,157,06:13:02
0,13,1,36.82,22.2,48.8,-4.61,46.59,64.85,79.42,86,-135,-126,741,278,152,38,749,252,01:15:44
7,46,0,52.31,19.12,-46.98,-38.63,76.73,19.51,97.15,-27,-158,-46,545,528,145,474,861,217,09:39:58
9,46,1,41.82,23.99,17.92,34.52,38.98,9.84,39.57,79,115,146,575,479,374,49,478,163,07:59:43
7,2,1,8.23,36.92,40.03,-25.24,78.3,16.52,78.6,63,-119,76,364,824,77,301,537,661,17:17:28
2,26,1,77.66,98.27,16.74,-38.12,83.94,34.83,91.28,-104,69,-125,112,976,243,908,338,154,16:53:59
3,19,0,11.88,38.91,-14.98,-9.57,6.89,32.79,84.98,122,-80,77,1022,844,560,746,999,884,16:45:48
0,38,0,88.76,83.92,38.59,-29.49,83.52,4.63,74.34,-44,-160,30,763,224,237,86,832,312,06:52:33
9,8,0,61.99,6.18,32.82,-17.17,13.91,10.04,56.54,-49,162,91,1002,11,22,127,17,563,06:39:44
5,16,0,70.15,43.73,-40.36,22.74,20.06,74.78,66.6,-85,171,124,35,407,599,13,330,433,09:58:16
6,45,1,35.82,46.18,38.09,10.73,80.35,18.26,19.58,97,-66,-163,981,186,181,352,135,785,12:48:30
8,45,1,65.6,48.25,27.55,-48.71,51.42,14.14,29.26,166,-150,-1,831,637,123,1016,723,267,02:35:14
12,13,0,38.28,90.14,-1.63,28.69,80.6,7.03,0.85,-153,-132,-67,84,633,997,182,384,915,01:17:16
7,37,1,7.04,72.82,-28.06,6.42,56.93,97.03,49.01,-73,-102,-137,249,493,459,912,392,761,20:34:33
10,9,0,63.68,38.32,43.01,5.13,20.22,6.84,0.59,-70,-76,-38,680,197,135,144,916,47,23:42:49
7,48,0,26.11,68.16,-31.22,-11.14,99.34,24.7,12.26,-130,171,-77,409,294,538,505,915,164,12:16:05
3,14,1,28.09,29.52,22.66,-16.06,39.03,53.17,66.4,42,66,-162,269,309,11,342,643,734,01:21:30
3,13,0,2.07,75.31,-5.27,40.71,18.89,41.7,9.08,-105,-112,-69,712,429,580,816,18,310,04:17:11
2,36,0,98.14,37.07,-39.53,-45.29,88.62,91.77,10.42,-64,143,153,804,510,763,749,204,833,18:07:48
8,38,0,12.66,59.59,-26.05,-11.76,13.21,99.27,77.1,147,-169,80,919,626,911,272,519,308,08:45:39
12,26,0,40.8,49.82,35.46,36.77,7.82,77.52,32.84,134,46,44,267,569,489,459,859,683,12:29:14
7,38,1,27.15,83.23,36.21,-22.15,0.92,68.44,4.13,51,149,30,912,573,255,498,748,999,12:58:52
5,13,1,65.13,84.7,16.13,43.73,47.16,52.79,57.52,-164,126,145,842,612,153,946,1016,669,07:24:27
8,35,1,3.96,45.55,-7.94,14.54,53.69,25.99,89.81,-156,-92,-82,524,448,374,338,632,970,10:00:48
10,36,0,80.63,7.5,42.03,27.18,2.84,9.69,93.7,77,-31,37,947,676,612,64,935,352,11:28:58
2,38,0,53.88,53.49,-1.5,26.58,16.69,58.71,30.55,168,143,180,453,867,502,622,870,58,02:31:00
5,9,1,87.04,35.36,-49.04,-26.05,97.03,45.9,26.22,-111,-83,-177,504,884,358,219,858,770,14:12:45
6,35,0,14.29,59.62,26.52,43.21,31.14,7.49,80.56,9,111,129,93,766,505,388,611,902,07:12:29
8,14,0,55.94,49.21,32.01,25.94,36.34,20.07,51.7,-158,138,-144,856,239,531,394,678,642,11:58:40
8,49,0,31.65,30.96,-43.88,-45.84,59.68,38.12,3.84,-94,94,157,492,475,1010,772,266,859,19:43:24
6,29,0,73.52,39.99,-0.9,-40.34,28.09,11.63,79.34,-27,144,-173,98,620,383,417,951,684,19:40:10
3,14,1,21.73,81.23,16.84,7.91,71.31,91.82,83.27,2,128,-14,251,775,315,1,352,907,22:00:01
2,13,1,40.57,6.08,-22.86,23.61,54.46,45.51,60.81,150,153,172,880,825,365,19,135,682,06:27:50
8,30,1,55.07,62.33,32.33,35.2,68.33,94.44,84.22,-104,-88,127,5,741,916,887,466,235,01:42:30
11,46,0,55.23,11.9,-48.74,40.59,22.36,61.34,96.46,167,-141,71,596,994,127,797,195,0,03:08:44
1,27,0,59.82,84.68,-27.08,-2.52,49.3,92.68,30.66,-145,73,103,775,96,432,485,19,976,02:13:13
9,17,1,28.81,94.05,-11.89,-2.01,44.77,43.67,29.35,31,161,-16,376,333,268,176,322,68,13:18:50
5,26,0,80.4,43.69,-2.98,-9.64,34.38,40.99,53.67,-156,93,-127,141,619,890,454,154,341,23:55:37
2,23,1,4.22,43.77,-45.77,-30.1,3.02,88.15,47.38,150,-6,-30,93,622,386,827,941,730,20:14:13
5,48,1,63.39,19.69,18.13,-39.27,45.11,25.21,13.9,-57,36,-148,70,512,331,132,654,762,17:12:53
12,29,1,44.97,56.57,-18.41,-26.85,74.53,64.05,59.38,-79,130,-132,513,20,183,322,608,405,06:20:54
6,43,1,95.72,50.9,27.35,-43.36,83.14,25.09,35.09,-166,65,-97,446,204,207,1011,646,500,02:02:32
7,42,1,85.01,84.27,33.75,-13.74,94.82,92.45,93.21,16,32,143,873,789,667,728,37,1014,10:27:12
0,34,0,18.28,64.42,-26.12,-23.14,97.25,33.3,46.71,55,-118,74,841,574,801,445,41,454,09:00:15
4,6,0,64.35,97.74,-46.76,-20.52,51.82,66.28,89.51,-128,173,125,779,148,46,110,902,521,00:28:21
10,4,0,6.74,31.83,-49.81,-1.45,81.35,83.87,34.77,147,-106,74,770,189,1016,256,63,240,02:07:28
8,42,1,89.7,91.78,46.91,-22.41,17.1,90.5,13.9,-94,90,-180,66,597,706,731,849,934,16:06:23
2,6,1,42.54,51.97,-23.09,10.68,95.64,63.6,72.57,8,127,32,589,244,122,206,646,609,13:07:23
2,13,0,90.02,43.1,33.5,25.09,90.49,25.19,95.05,-16,135,-80,450,236,296,159,833,795,23:48:55
1,49,1,20.04,24.72,19.71,10.63,3.65,37.94,83.5,134,132,96,986,746,404,829,975,236,20:37:25
8,16,1,74.86,12.03,-48.78,-22.31,37.12,86.39,15.47,-82,-138,-172,34,927,650,661,1001,226,04:18:47
12,19,1,52.99,28.29,47.99,16.0,42.32,9.62,73.62,-110,128,35,309,284,70,666,645,324,05:42:32
11,44,0,31.74,58.03,-36.8,-3.48,77.87,92.58,66.15,-135,155,117,865,1023,32,230,179,9,04:33:38
12,50,1,47.29,67.57,-48.53,30.49,56.94,37.25,80.13,-8,-161,-13,662,6,210,56,377,996,20:20:42
3,49,0,50.93,38.41,-29.53,14.14,54.61,13.73,71.26,29,-121,164,962,722,158,929,248,818,20:45:21
10,28,0,78.38,89.55,12.86,-49.1,29.42,88.54,7.36,-178,-89,-155,721,967,882,480,293,957,10:29:40
1,24,0,34.43,8.32,-47.38,35.4,7.81,87.56,59.76,-179,151,-42,198,246,587,698,92,1023,20:51:38
0,11,1,60.34,76.64,0.23,-14.27,30.33,6.76,64.61,-44,-176,-122,846,682,362,552,278,135,17:36:15
3,36,1,17.25,62.49,-28.27,-42.33,28.21,17.24,50.26,154,-88,-110,499,981,18,401,983,212,15:07:43
4,26,0,94.52,92.01,38.0,30.95,14.52,67.63,98.54,26,-11,-104,797,95,367,809,922,965,09:45:22
0,16,0,51.89,82.27,-33.09,48.02,53.57,99.7,78.87,-20,7,167,82,334,560,878,946,338,01:31:05
3,16,1,58.65,34.45,7.95,26.49,58.86,61.63,59.12,124,-166,39,230,138,737,555,952,679,07:22:21
4,32,0,52.85,41.61,34.49,20.44,27.77,66.74,61.96,11,155,44,388,3,569,20,620,163,19:00:07
8,6,0,91.27,67.11,7.95,36.37,66.5,49.7,42.48,96,-55,6,260,582,92,290,612,461,09:08:19
8,7,0,5.97,40.48,15.22,43.0,18.61,22.32,38.86,55,-40,-134,733,288,664,208,301,680,04:49:50
5,33,1,24.02,72.94,-15.08,-48.79,83.14,14.05,74.89,30,10,17,73,338,940,411,352,579,06:40:39
6,19,0,28.05,33.21,17.52,15.64,67.75,72.07,42.76,-115,21,-36,954,134,322,997,598,613,20:22:04
2,31,0,84.44,51.24,-21.04,-45.78,10.21,28.87,88.58,45,157,-100,389,24,257,496,965,356,04:38:15
3,32,0,58.0,18.05,-49.3,14.59,23.89,27.76,38.68,-49,-169,-159,167,137,496,626,888,328,05:23:52
11,48,0,85.57,38.93,36.92,45.95,24.11,34.75,12.59,-153,-12,-10,1008,435,803,548,46,137,11:21:25
0,49,0,1.33,19.34,13.67,44.02,65.72,77.07,18.74,43,-80,97,87,791,663,521,861,723,12:34:24
11,49,0,1.4,78.31,49.22,-24.24,19.7,42.64,15.17,-144,60,-163,443,593,598,838,2,251,05:29:35
0,50,1,80.53,40.6,34.5,48.63,29.41,34.3,73.91,53,-28,-105,314,1000,785,541,980,988,22:33:18
3,45,0,59.23,40.43,45.26,-31.93,34.24,88.61,11.45,-7,-66,126,312,174,831,656,761,273,17:29:50
10,14,0,78.17,47.91,-29.94,-30.37,63.06,3.74,21.49,95,147,105,117,115,145,860,137,362,13:49:53
3,23,0,76.8,45.14,-17.88,43.95,6.82,95.19,94.17,-111,-101,32,171,695,757,873,964,398,13:47:35
8,49,1,35.24,64.66,-0.12,18.22,45.5,45.24,29.94,-164,-10,43,157,123,21,176,945,1002,08:47:09
9,25,0,1.75,78.17,13.29,-8.65,34.15,97.61,14.86,157,128,-57,257,1014,218,839,252,728,21:37:30
0,14,0,65.27,4.52,-26.04,49.1,94.74,74.15,4.22,-176,84,-118,640,948,51,23,905,363,20:38:49
7,22,1,54.77,69.42,41.5,-41.14,34.51,30.98,39.63,27,-16,-33,772,75,727,726,229,747,23:27:54
0,10,0,80.19,39.01,-1.12,-27.08,1.62,79.1,8.9,-14,138,137,926,486,401,1017,216,912,23:34:56
6,32,1,43.97,39.12,-0.42,31.78,95.24,84.92,53.46,-45,137,7,787,771,710,732,716,424,02:12:55
0,0,1,84.48,73.52,-21.48,1.55,49.13,9.4,52.39,154,-116,-46,744,771,524,891,861,885,02:51:55
1,11,0,98.12,13.27,-18.71,-8.52,92.07,55.67,19.35,-126,-51,-9,975,581,979,208,428,472,11:45:04
7,47,1,64.51,98.59,-10.29,-47.59,9.56,80.34,59.94,137,137,-177,225,122,552,604,493,590,13:04:03
8,30,0,90.08,89.9,-34.43,9.33,50.86,3.3,48.27,-3,179,96,73,447,458,847,341,821,02:23:25
8,23,0,1.04,41.1,-46.6,-20.46,56.29,60.92,24.92,-92,-97,53,362,460,417,753,595,498,10:15:02
5,9,0,50.58,34.82,30.21,18.42,67.28,22.89,90.31,18,-152,-107,951,334,654,783,444,504,19:10:23
12,48,0,51.62,54.78,-34.37,-8.95,28.82,1.22,67.96,79,-93,-172,203,274,420,935,892,438,04:35:25
7,11,0,3.11,32.0,14.59,33.5,24.16,6.31,7.63,-125,91,-103,751,272,120,865,74,397,03:55:51
5,15,1,55.25,15.64,4.45,14.14,97.82,28.68,4.84,-107,94,24,655,111,66,760,751,349,05:46:45
0,1,1,30.21,56.45,-12.27,-15.31,78.41,58.56,64.58,-85,138,-27,342,700,540,43,344,700,17:15:41
11,10,0,67.19,21.83,-13.56,-48.05,79.44,89.15,71.79,-172,-179,-6,1016,469,206,446,214,864,05:22:12
7,33,0,46.34,85.99,-36.21,-47.01,62.32,33.23,56.76,-91,-161,-83,287,496,166,441,522,108,12:12:25
6,22,1,91.78,53.51,18.44,30.14,29.22,84.28,83.2,70,-48,-28,919,504,294,46,639,1003,14:32:07
10,39,0,89.92,91.77,-6.86,-28.32,90.68,81.05,12.0,59,144,-77,890,489,566,561,600,352,06:13:28
5,25,1,82.05,20.84,-3.76,32.55,7.77,7.28,60.5,73,-125,27,534,609,509,924,315,253,06:12:46
1,50,0,26.43,40.88,33.61,-36.05,16.08,78.56,2.78,56,-72,30,179,770,972,766,460,871,07:51:27
3,48,1,44.04,10.66,38.33,-18.22,75.77,24.97,21.71,-132,-117,-21,412,620,444,560,331,603,18:39:04
11,45,1,55.43,13.87,-11.68,24.46,65.84,66.89,41.31,125,54,136,366,406,533,668,951,39,21:32:48
2,0,0,30.64,37.59,-37.31,16.36,9.58,86.75,24.9,34,28,94,580,195,540,1007,0,114,00:11:44
7,7,1,26.35,61.54,39.76,-32.96,45.7,42.19,54.0,7,109,-166,601,870,826,33,7,494,04:48:23
11,12,1,76.47,99.63,-39.08,24.31,46.44,36.38,55.17,141,-152,118,654,872,112,631,225,934,05:07:19
0,39,0,93.02,66.33,28.33,12.39,45.72,39.72,94.03,-66,172,-34,957,452,639,140,761,653,01:14:47
3,7,1,88.87,6.26,1.96,-34.4,17.68,53.82,48.25,-44,-12,-135,158,71,557,730,502,47,17:24:07
2,0,0,30.41,7.06,-37.47,27.83,76.32,40.11,38.45,-158,-175,49,829,447,714,241,46,813,10:39:58
1,20,0,99.6,33.26,5.19,10.65,92.03,55.15,64.83,20,-131,-114,579,877,52,393,699,573,03:38:00
12,39,0,85.85,28.52,-28.17,22.32,94.13,67.4,31.86,-78,-127,80,578,780,956,977,756,274,16:25:50
6,11,0,77.85,45.22,41.92,-20.33,98.19,90.78,93.74,-179,-50,158,699,306,122,130,747,709,02:33:13
7,6,0,88.56,87.78,37.55,-30.79,14.36,51.73,81.6,170,-168,-7,385,132,438,884,168,110,08:49:44
7,35,1,74.47,11.51,-42.66,-48.8,52.2,55.74,47.85,-112,174,-124,813,524,812,569,827,701,16:59:08
1,42,0,45.45,46.97,-2.58,11.18,31.52,95.76,76.12,5,-72,-56,492,845,443,62,705,470,08:50:15
4,21,0,4.41,33.84,19.76,-6.69,8.32,72.1,23.21,-76,128,-115,726,256,977,570,771,799,11:23:44
8,49,0,28.12,98.17,-16.85,11.31,6.84,59.64,58.36,17,129,147,171,626,115,838,140,538,08:53:54
8,45,0,65.04,91.76,-27.49,3.63,28.35,53.35,10.27,14,60,160,689,412,634,407,715,712,04:06:02
8,13,1,0.36,2.8,-3.99,31.85,84.49,3.36,45.81,-29,26,77,16,249,75,213,76,845,04:03:22
7,20,1,30.8,78.41,27.3,45.44,69.35,56.25,72.17,-124,-162,-133,381,624,528,407,302,850,14:40:09
1,19,0,71.73,74.12,-32.69,-34.39,14.37,41.25,10.87,39,-54,7,252,454,607,690,747,290,23:06:11
12,15,1,83.58,73.67,20.76,34.92,41.23,92.26,8.31,-166,151,-146,174,790,567,388,806,693,11:56:14
6,38,0,92.8,89.32,-45.09,39.5,73.89,78.0,9.98,-163,93,101,549,334,460,901,1013,579,05:44:53
3,2,0,0.98,49.41,33.14,8.04,13.28,25.03,57.43,-177,115,126,340,170,614,720,423,176,11:23:18
4,20,1,0.56,39.59,46.18,-16.99,56.43,20.74,23.8,-171,-42,153,444,903,712,275,469,289,07:51:30
7,47,1,66.86,24.02,-31.24,41.35,97.47,77.94,80.92,-142,156,103,222,755,344,765,833,902,22:50:43
12,46,0,43.15,75.51,-2.08,13.67,91.96,33.7,11.04,-7,-72,50,548,819,396,371,387,744,00:20:23
10,27,1,98.44,10.82,8.13,37.38,57.09,90.38,55.78,131,68,-9,591,916,983,606,262,782,08:11:07
12,5,0,99.9,27.04,-15.93,13.32,2.93,73.04,14.45,49,-85,-121,790,514,610,304,955,380,13:28:20
2,43,1,30.75,84.38,8.03,7.08,73.81,63.83,55.16,171,87,-153,706,441,404,994,302,263,17:46:28
0,31,1,47.02,88.39,29.87,-31.95,94.59,45.82,45.15,33,-113,82,845,703,727,604,199,296,04:44:05
11,17,0,0.25,52.14,22.84,-18.01,22.03,57.11,11.39,-118,-20,-43,892,477,993,853,1015,259,17:54:12
10,33,0,91.2,4.19,8.8,-14.89,97.38,62.26,32.96,73,-7,97,920,964,33,177,776,901,16:51:11
6,21,0,7.66,43.97,-42.2,-10.98,91.4,74.21,23.98,83,-92,-20,585,431,541,14,819,942,10:06:23
7,0,1,79.22,78.31,12.74,42.41,1.71,60.4,85.44,161,136,-25,630,744,521,841,244,34,16:25:26
4,32,0,73.17,41.66,-31.32,33.84,35.8,69.77,64.78,62,99,21,113,105,857,745,242,242,12:43:57
1,44,1,51.75,26.17,-1.77,39.12,92.4,5.5,87.15,68,-80,-5,534,801,348,669,892,327,16:57:24
0,46,1,28.75,2.07,-44.61,3.56,73.73,94.54,7.84,-26,70,99,687,619,830,714,798,76,20:23:28
9,36,0,48.87,79.43,12.18,9.65,57.08,87.06,37.84,58,70,-31,44,189,841,769,1021,998,11:07:43
0,42,0,80.75,65.37,16.76,-24.55,60.61,18.93,75.74,-97,119,-116,528,970,614,810,484,959,03:45:06
7,35,1,15.07,91.34,-27.13,30.42,31.66,89.4,17.95,-179,-84,17,960,782,812,765,339,683,13:38:31
3,37,0,62.47,17.78,-4.17,29.07,40.24,28.22,23.41,111,67,50,13,973,687,993,867,742,03:14:52
7,50,0,28.6,58.08,-40.27,-0.29,97.13,4.8,82.47,175,24,-26,801,646,83,356,1002,308,11:34:09
10,46,0,52.83,5.93,-11.06,38.68,74.86,74.27,35.99,106,168,-174,762,367,445,364,1014,754,18:04:46
12,31,0,6.49,29.29,1.04,20.48,51.97,50.19,42.83,-43,-132,-117,211,834,417,758,832,223,11:29:09
8,36,0,99.8,9.47,30.39,-35.14,12.6,79.71,1.94,162,136,63,539,339,398,733,160,937,18:55:13
5,20,0,69.38,63.88,11.05,-44.15,28.12,21.62,10.61,68,-114,110,916,656,829,895,131,746,21:52:53
0,17,1,35.57,55.52,3.25,-30.41,84.57,42.9,98.82,76,57,104,544,939,2,600,371,928,16:22:06
10,35,0,3.76,87.9,-16.01,48.56,25.07,95.96,14.45,-60,5,112,231,266,754,60,670,800,07:24:41
10,40,0,79.41,44.32,44.79,-25.89,27.99,0.06,19.68,-40,84,98,66,705,316,815,77,633,15:31:48
1,48,1,49.15,39.62,3.49,19.33,67.03,21.43,25.44,58,-31,46,577,183,129,874,249,185,04:14:28
7,23,1,80.03,52.37,-13.52,-41.27,30.03,86.11,82.5,-42,-40,-121,95,701,899,382,289,651,16:42:53
7,36,1,62.53,61.89,27.33,-15.36,75.06,52.56,78.03,-3,29,-10,826,909,308,514,844,575,15:34:16
3,2,1,90.92,26.5,38.39,-6.09,48.79,11.19,50.82,76,-101,176,68,281,962,188,343,184,03:24:38
2,1,1,87.89,23.11,44.76,-7.85,56.94,34.13,21.19,-39,171,-46,940,967,706,162,246,418,11:35:33
4,37,1,90.36,43.13,-21.65,30.01,74.05,19.18,81.62,-29,-164,101,344,511,1021,742,936,794,13:42:35
5,7,1,59.87,52.89,-44.18,17.33,68.53,24.17,17.66,-52,34,98,545,330,457,384,814,555,12:26:11
9,43,0,12.38,44.42,-16.48,34.32,16.89,69.55,82.79,-120,140,113,836,156,20,631,848,1001,09:46:55
0,0,0,46.79,56.56,-27.9,37.61,74.23,41.2,22.49,119,47,90,897,370,838,527,283,168,12:29:31
10,20,0,92.04,7.09,-44.44,15.19,3.53,56.52,35.15,109,51,158,478,350,208,175,238,793,12:43:48
0,49,0,25.21,27.38,-39.81,-38.34,8.46,49.79,99.47,142,-175,-47,524,9,459,817,74,367,16:27:46
3,18,0,99.37,49.48,34.19,-36.39,47.42,1.56,99.32,11,-180,-73,750,218,178,43,94,198,18:52:41
9,46,0,65.0,59.91,48.18,21.95,99.01,15.53,71.33,-36,69,-51,651,874,745,114,130,76,03:19:17
7,27,1,16.82,36.63,29.11,25.73,67.31,77.18,71.36,156,80,-119,645,68,122,344,495,224,16:03:31
2,34,1,54.04,42.52,13.92,-37.51,11.36,46.43,46.15,-63,21,33,498,366,382,71,257,788,11:30:53
7,33,0,81.47,97.84,48.09,38.44,9.54,60.89,51.35,-163,171,58,888,425,343,994,635,740,23:51:12
0,17,0,60.05,26.88,-38.28,-28.05,63.77,36.25,27.75,-53,-160,-70,524,360,678,93,996,356,12:14:42
7,21,0,8.11,65.6,7.73,7.79,27.13,73.39,14.13,-150,20,175,949,639,908,910,168,998,01:07:27
5,2,0,34.59,81.61,21.43,25.26,21.3,45.32,6.12,159,134,50,339,832,106,785,664,496,23:02:06
7,27,0,85.5,64.22,-39.91,44.36,57.69,31.87,91.75,-163,54,158,662,440,682,420,396,664,10:46:51
11,1,0,46.71,11.02,1.3,14.51,77.62,29.88,89.57,96,-43,-142,442,712,918,506,952,248,07:10:33
2,19,1,3.94,93.89,-12.58,16.61,19.88,83.33,27.59,172,105,72,916,429,399,498,362,793,23:50:10
8,19,0,11.25,34.85,42.13,34.77,80.48,40.0,43.46,89,15,133,986,1018,560,313,4,286,00:29:12
1,19,1,2.37,69.23,-38.5,-6.63,42.79,45.97,46.3,-15,137,-1,559,127,868,377,717,541,03:26:37
9,26,0,38.15,11.21,-36.86,-49.1,85.41,8.69,38.91,24,-32,-46,650,249,835,206,792,514,16:12:22
1,29,0,85.06,94.0,46.17,-5.76,72.64,41.75,41.43,15,-42,-89,40,372,333,567,30,197,07:15:25
2,32,1,20.02,14.3,-29.33,49.17,24.69,38.83,84.38,-118,137,-122,388,20,603,242,777,266,17:56:49
10,50,1,36.92,85.64,6.4,21.62,51.34,68.6,6.14,19,100,32,728,893,857,697,271,417,22:16:06
1,18,0,80.38,93.63,-4.03,-37.73,48.44,84.23,78.46,-102,-155,-136,434,567,590,47,914,837,21:00:35
2,15,1,49.54,74.4,-5.16,45.38,77.52,13.97,55.23,-79,-148,-30,502,161,282,995,297,591,13:44:46
12,31,1,24.56,16.56,-8.82,5.72,53.46,13.09,80.37,154,171,87,852,511,813,940,332,982,08:56:15
5,43,1,22.85,29.94,-27.26,44.38,3.66,69.89,29.61,-132,-74,85,89,138,396,166,101,438,14:49:05
10,14,0,86.51,41.06,-6.57,44.48,24.82,67.69,84.85,141,60,133,21,713,128,550,61,397,03:40:00
4,27,0,98.0,45.24,-36.3,37.05,62.94,73.61,27.52,-77,49,142,875,83,12,266,139,322,01:31:52
12,3,1,11.62,73.68,4.24,-19.68,75.03,14.3,77.02,-60,151,-122,549,106,281,734,614,43,04:28:28
10,23,1,93.98,61.5,-3.56,7.12,17.76,58.55,54.76,20,-49,123,468,685,305,636,383,583,03:47:12
5,47,0,68.04,80.03,6.87,45.67,87.51,18.31,14.46,-174,-171,0,594,898,330,814,78,243,08:51:05
6,25,1,82.33,17.87,-43.42,0.08,27.19,47.22,22.83,13,-63,-171,47,345,146,444,894,343,07:53:32
12,41,1,72.7,65.72,-39.83,-37.39,14.72,62.98,96.59,-90,-134,-34,735,712,792,779,453,444,07:20:49
3,23,1,77.14,74.9,-4.74,-1.82,97.4,84.01,76.37,-68,102,-71,691,437,874,868,869,17,16:23:29
9,2,0,78.74,67.69,31.97,14.69,23.92,98.96,38.27,156,59,86,293,34,660,532,819,557,13:13:40
6,17,0,99.53,74.98,-47.39,-27.53,38.01,68.46,69.79,66,9,88,894,782,530,492,813,1006,01:30:22
2,36,0,28.28,68.53,2.02,-40.79,63.1,64.13,23.94,-30,2,48,823,527,809,854,74,43,02:47:57
1,47,0,65.61,87.52,29.23,48.68,83.94,67.56,27.5,1,-94,-49,687,249,347,306,549,576,02:48:44
10,40,1,1.08,2.08,-31.73,22.71,13.4,89.73,17.96,52,-149,-27,934,1005,989,518,916,393,09:43:57
7,17,1,44.62,77.17,14.46,-30.27,99.92,15.82,49.55,18,108,-27,291,244,993,112,972,408,13:43:47
6,39,0,46.54,62.86,35.36,-27.54,98.68,18.38,49.11,-131,176,-42,650,506,922,846,533,170,13:30:18
4,32,1,19.07,78.32,-27.8,-4.4,68.47,37.01,92.46,95,118,153,488,482,387,242,302,186,11:15:20
12,37,0,41.52,24.25,0.96,-26.14,31.83,62.26,45.55,-55,-100,-167,50,816,684,287,742,977,16:58:03
1,22,1,64.86,62.72,37.87,-19.15,37.73,91.78,87.96,105,158,30,451,717,334,393,88,444,02:36:56
5,43,1,82.96,35.37,-14.54,27.24,65.5,2.98,70.74,-129,96,55,257,750,42,470,394,297,16:24:17
5,4,1,47.0,14.24,-24.01,-5.36,10.12,81.58,90.01,-136,-27,169,217,864,936,780,342,998,13:15:18
3,19,1,62.12,28.23,-27.49,-47.77,53.19,11.07,70.73,-104,-158,15,962,18,678,593,332,192,12:49:57
1,34,1,23.66,35.73,-5.78,-28.14,20.78,99.44,34.19,15,69,109,522,788,627,825,695,446,03:14:31
11,8,0,88.54,59.08,-33.6,12.86,73.37,10.13,90.62,-25,-107,-160,110,501,833,470,441,937,19:00:52
0,7,1,8.94,91.93,48.27,9.93,58.88,45.06,36.38,-81,-41,58,575,843,59,911,576,890,01:45:37
1,24,0,26.67,45.56,-30.41,30.45,41.78,24.81,4.93,-32,-50,-124,674,674,598,177,56,107,01:34:54
4,0,1,61.66,13.97,-8.76,-47.75,13.15,70.8,40.11,44,131,129,574,933,673,602,816,660,17:20:33
0,34,1,55.1,50.99,-19.41,38.4,3.12,86.56,6.95,46,111,166,314,272,425,1014,768,172,06:21:18
7,23,0,45.24,27.94,42.85,-24.05,55.52,85.22,16.38,-69,-1,17,710,31,586,453,633,949,14:08:14
11,3,0,10.35,40.81,-10.78,17.4,6.53,98.01,20.06,-20,69,103,610,715,679,111,971,343,02:44:21
10,4,1,33.47,97.37,-9.81,-10.89,56.35,4.62,72.32,56,-79,-105,809,962,738,804,621,297,06:04:17
4,9,0,11.32,88.42,-45.13,-38.39,44.48,6.42,2.54,-47,153,-63,857,891,431,711,222,670,20:42:55
5,44,0,26.9,5.19,1.35,-27.76,85.01,31.54,13.49,-179,-54,-64,635,522,547,134,633,285,08:33:49
9,16,1,77.45,8.98,-20.23,-49.66,93.79,23.38,7.32,74,-170,117,506,650,724,344,608,247,10:19:32
6,8,1,1.37,14.92,-10.32,-30.09,53.38,5.03,32.05,-96,-158,125,696,342,892,1018,642,105,00:06:24
6,29,0,70.48,44.36,-42.31,37.71,74.64,82.11,51.58,-51,-92,-29,842,597,305,328,813,259,14:49:50
2,29,0,27.96,22.88,32.73,-48.99,38.63,26.76,37.69,-166,105,-36,636,135,973,190,724,914,19:40:44
7,39,0,72.44,80.72,19.84,37.89,44.64,73.53,18.74,-40,-28,-100,843,374,716,499,28,927,01:31:26
12,26,0,17.03,23.45,-2.27,49.32,49.67,63.5,50.09,-132,44,-179,757,772,762,1020,115,448,10:36:19
11,35,0,7.69,51.28,-5.3,-36.56,33.96,15.92,35.59,-154,43,-107,602,459,167,37,755,393,11:22:43
6,42,1,91.79,57.64,-9.26,-36.38,61.05,79.8,58.12,73,-41,175,538,449,52,658,670,75,02:22:40
5,45,0,71.47,92.15,-30.49,11.68,45.02,44.49,39.09,-66,-70,129,726,359,612,1003,707,659,00:18:51
12,32,0,58.4,20.82,6.37,-16.69,68.34,49.9,25.98,19,-110,-73,1020,210,221,663,863,885,11:36:57
3,36,0,54.3,18.31,41.03,-15.79,18.15,97.21,95.07,-37,-41,-51,132,455,948,323,348,713,02:58:48
1,38,1,1.34,57.77,26.1,-47.03,33.64,92.47,42.77,82,-73,110,296,471,74,825,924,224,08:34:26
0,4,0,24.38,37.58,-1.81,49.21,22.3,44.02,4.01,-124,81,-163,221,249,481,653,631,766,21:38:04
7,50,1,87.43,68.3,13.23,28.44,17.96,45.48,53.29,-55,172,-127,64,847,519,416,695,105,08:25:57
10,21,1,0.96,64.01,11.55,15.67,58.04,98.54,6.25,35,29,91,294,574,802,748,742,528,21:17:11
6,13,1,66.65,16.57,21.28,31.89,83.08,31.89,67.06,55,152,1,936,333,658,280,352,223,04:22:00
5,48,1,44.56,16.46,38.69,-16.46,73.95,65.18,37.29,37,-19,-95,112,735,425,476,262,164,06:58:42
2,14,0,21.73,66.75,40.12,0.5,99.21,50.54,21.06,3,-130,-5,164,82,133,945,557,276,02:30:03
12,44,0,99.81,43.86,24.35,-41.62,59.78,42.66,31.93,28,50,67,776,350,332,906,557,952,21:07:15
1,20,1,64.76,86.37,25.99,-13.54,17.77,9.98,34.21,160,131,-90,407,282,38,106,1022,664,06:34:19
11,14,1,4.59,36.52,22.84,36.83,25.02,79.46,50.02,-119,-39,125,898,935,403,183,684,187,16:04:48
3,21,0,87.2,13.71,5.2,25.12,59.52,90.38,41.28,-104,94,-132,805,388,106,569,694,702,10:03:33
12,27,0,96.26,76.82,38.25,42.65,34.4,9.95,36.18,169,9,134,459,887,456,180,40,34,18:38:00
6,15,1,59.1,9.49,-12.7,3.46,43.05,99.29,9.49,-20,-178,154,575,748,793,301,46,392,01:12:19
3,5,1,84.59,14.72,-9.63,47.43,24.07,28.28,28.0,11,-98,-8,355,720,180,781,307,907,22:04:58
9,31,0,99.52,58.53,-36.95,25.0,42.44,59.78,68.47,2,138,23,354,199,936,94,419,602,11:28:13
8,34,1,82.96,21.6,-2.97,8.26,89.6,10.59,65.9,96,-56,-18,190,149,355,928,808,419,09:50:24
8,39,0,23.29,25.56,34.78,29.5,60.93,80.49,81.73,-82,167,137,316,623,377,416,723,751,01:40:43
4,8,1,76.86,92.96,45.62,-21.32,50.19,50.39,17.07,105,57,-98,284,692,51,592,688,377,09:10:32
12,49,0,40.98,51.6,37.39,16.5,47.22,96.51,57.77,-23,-173,179,995,568,668,864,149,710,19:34:20
3,7,0,58.09,4.04,22.02,42.93,16.74,31.28,33.29,127,44,47,8,453,237,20,845,632,11:10:13
0,39,0,37.57,52.31,-16.88,48.01,78.31,60.5,2.31,-169,-24,156,227,789,520,482,877,643,22:09:58
1,12,0,57.87,62.13,-33.97,21.74,49.56,5.28,68.66,65,-75,-161,566,480,70,855,923,944,07:18:45
1,34,0,45.66,37.34,-23.93,-46.21,83.69,84.46,7.43,4,114,109,114,165,846,4,296,153,18:53:40
0,21,0,34.65,15.54,-27.9,-16.28,70.58,16.94,10.55,-142,-169,92,410,475,340,191,823,196,00:00:29
12,36,1,42.06,53.95,-6.78,15.58,74.15,30.63,40.27,-9,-178,124,520,327,540,206,546,431,18:30:28
9,23,0,85.39,39.21,43.65,46.5,90.29,49.25,62.41,-49,-169,-103,515,481,106,326,478,591,00:05:33
3,36,1,75.8,9.74,34.37,-30.26,36.73,0.24,75.62,164,100,-112,556,52,112,876,470,407,14:12:56
7,40,1,54.25,17.26,-49.88,-1.47,32.8,80.87,44.58,57,56,136,871,120,675,66,781,162,14:28:46
10,49,0,89.72,8.43,-20.82,-11.47,20.7,7.96,17.97,26,-89,-40,592,318,516,776,108,302,17:23:40
2,37,1,70.24,27.6,-48.2,-47.04,4.03,43.8,57.95,64,-23,37,760,873,795,688,873,565,13:14:36
9,24,1,83.11,52.67,-15.24,-44.4,54.06,84.27,94.8,82,60,113,866,128,306,980,444,477,23:05:24
7,2,1,80.6,21.27,-10.24,0.53,25.71,85.83,33.65,-44,-72,88,1017,412,619,462,191,349,07:12:48
4,1,0,49.79,9.13,24.95,0.54,92.68,93.16,72.53,-128,-11,59,890,116,34,434,936,89,21:39:26
0,48,1,18.33,35.43,18.9,-12.55,89.57,56.0,84.86,-17,162,-95,309,849,254,998,984,473,19:44:39
8,26,1,34.37,15.92,24.3,-41.51,0.21,73.71,95.04,171,-9,-15,963,626,554,922,711,266,14:24:54
3,6,1,90.07,87.45,45.66,-32.29,18.21,14.47,35.35,170,31,-45,216,967,657,925,431,684,18:48:26
3,40,0,63.42,75.98,-49.89,31.32,11.0,65.72,13.38,73,84,-53,658,149,584,352,985,52,03:31:27
12,5,0,52.5,80.5,-16.99,49.25,17.8,34.1,45.66,38,3,96,250,865,425,1003,597,497,04:14:17
4,6,1,76.1,38.14,-46.79,47.08,96.45,82.87,44.23,138,16,-15,872,670,564,872,6,848,15:40:16
9,24,0,39.97,26.44,48.07,15.5,42.16,81.57,27.56,-50,-65,-156,648,576,273,247,525,6,11:44:23
8,35,1,62.36,27.87,-5.25,-4.04,45.59,96.0,0.1,-60,121,76,963,8,50,1011,1015,632,13:08:16
7,10,1,66.96,27.24,-49.47,-36.81,89.15,46.75,4.67,-111,-47,-7,814,492,860,374,951,539,13:21:04
12,5,1,30.13,71.42,-2.44,10.46,11.13,78.42,64.75,-2,-77,106,559,244,852,430,54,140,03:37:35
0,10,1,19.83,12.07,-32.34,-27.55,71.78,22.35,11.07,59,-171,-97,47,230,973,467,569,666,01:14:47
1,49,0,94.52,67.04,3.43,43.72,55.45,80.94,61.37,-169,17,-171,568,373,440,425,38,958,12:25:40
1,4,1,46.0,41.38,-45.53,-20.65,61.53,39.2,68.79,-140,132,-63,571,363,886,333,635,147,15:42:47
12,8,0,9.24,58.5,37.78,-40.91,60.37,51.31,23.06,-107,1,-157,625,185,557,222,912,926,06:44:28
10,3,1,17.3,8.51,41.74,17.84,47.32,36.06,4.56,158,36,100,1,778,872,981,63,266,08:27:55
4,40,0,47.03,0.53,41.01,11.34,20.57,39.13,4.07,125,144,-157,788,530,766,354,21,725,19:41:46
9,47,0,21.77,78.76,-43.52,-4.51,12.7,50.47,8.91,171,-139,50,720,251,259,444,248,13,07:43:01
4,30,1,54.35,0.66,-0.34,15.07,4.66,62.99,10.92,95,-42,143,133,280,870,800,872,764,12:01:42
5,19,0,68.71,10.26,4.27,-11.32,89.44,58.4,13.9,42,-37,126,72,401,561,103,598,271,21:54:06
10,28,1,28.96,18.74,35.73,47.48,83.61,54.47,74.38,-151,-176,-117,4,817,749,477,543,355,08:50:27
4,25,1,55.23,10.17,-46.33,-8.86,97.49,68.98,77.64,67,25,-121,647,858,93,297,836,71,03:54:42
4,31,1,70.75,32.79,36.68,10.71,53.03,74.63,44.68,-173,-20,70,727,254,682,780,48,843,15:01:29
6,35,1,4.05,83.59,37.87,-34.43,5.07,23.82,55.63,143,105,98,698,280,520,987,464,114,08:13:07
6,29,1,95.71,4.78,41.59,-14.87,88.35,45.1,98.4,175,54,-136,535,485,621,316,437,373,23:00:13
11,23,1,96.4,46.3,-45.51,32.17,48.72,45.86,57.13,4,15,-163,815,588,993,958,440,385,22:21:35
9,15,0,14.87,83.86,44.18,15.77,83.15,22.4,78.89,167,-87,-73,114,708,943,949,946,698,02:18:47
9,19,1,79.38,50.76,30.25,-10.45,45.28,10.79,50.69,-153,-148,-89,791,366,632,523,537,258,11:34:42
5,1,1,86.29,29.85,44.58,37.83,27.46,48.98,40.5,116,147,108,664,834,401,381,24,277,05:37:25
11,47,0,42.03,76.14,-17.22,-5.68,79.76,3.33,42.39,-15,-128,-111,899,311,344,118,500,578,06:01:13
11,44,0,92.55,81.85,4.99,-32.45,28.29,70.92,22.74,-2,-17,80,232,116,788,182,550,773,00:58:54
5,15,0,78.71,92.57,35.92,42.79,66.74,29.23,87.01,51,-48,-22,291,719,939,732,134,325,13:21:30
5,40,1,77.97,11.08,-49.29,28.84,51.71,9.35,27.88,-50,-172,-147,184,309,411,988,248,411,23:40:26
5,0,0,93.08,68.19,-38.44,-23.36,66.36,14.77,68.05,-79,42,47,245,991,735,757,603,523,06:36:09
9,10,1,31.66,72.18,-2.29,-18.81,40.66,97.72,71.99,66,35,60,616,736,602,59,809,427,04:01:56
7,47,0,97.55,82.88,4.47,-12.16,31.66,42.07,69.83,-179,15,44,361,647,341,575,671,759,05:03:11
12,17,1,30.3,54.06,-21.9,44.1,6.51,57.09,81.62,96,-19,92,936,710,62,770,165,61,21:02:55
2,46,0,35.43,31.62,38.95,5.57,95.29,29.93,37.35,-84,-109,-32,614,111,839,1015,745,89,13:20:22
4,39,1,37.76,49.72,-30.72,8.94,2.26,73.27,15.16,-114,-47,117,450,863,438,515,740,806,11:32:23
7,12,1,53.59,2.08,-26.1,14.52,45.62,99.99,60.94,-155,57,-42,568,510,813,1019,906,726,10:27:23
11,37,1,58.43,80.03,-16.23,-27.86,87.92,88.34,63.21,23,-145,11,650,407,16,653,939,269,17:07:18
2,12,0,32.06,93.47,5.99,34.98,20.3,58.51,74.27,40,-125,-66,450,204,693,231,839,18,08:06:52
3,12,1,23.6,15.05,-13.51,18.56,85.92,26.91,84.32,22,150,41,753,920,575,851,573,636,12:58:57
10,50,0,0.15,9.06,28.61,-20.99,99.58,35.54,7.67,-111,134,33,425,465,736,706,35,363,01:56:47
11,4,1,51.79,64.6,12.99,-11.21,17.92,3.12,46.4,-2,83,-111,651,396,650,886,811,851,22:23:03
9,29,1,54.24,51.13,8.72,30.65,6.1,98.71,36.11,-154,11,171,619,684,78,417,755,699,23:57:21
10,5,0,9.56,14.06,36.27,39.9,10.84,22.2,16.24,-160,21,59,0,274,594,967,378,135,05:58:03
12,7,1,88.37,49.95,14.84,12.44,6.01,16.4,63.93,-179,167,-29,258,761,775,282,201,163,17:45:35
7,6,1,42.41,60.61,-20.93,8.59,27.13,15.89,16.64,-90,-165,-130,273,48,714,382,604,885,03:05:20
11,8,0,55.48,28.86,14.67,19.09,61.16,24.56,90.75,176,-78,73,419,815,38,814,929,932,11:50:01
11,46,1,79.67,87.12,0.99,39.9,36.08,9.09,21.32,-170,140,150,347,790,966,327,665,35,10:09:19
11,21,1,43.11,5.18,26.73,8.57,40.61,25.72,56.64,-17,164,74,899,811,835,466,571,531,05:14:42
12,42,0,33.0,25.04,45.74,33.35,63.4,59.99,88.04,-25,-30,-169,997,49,409,880,139,547,11:28:18
4,10,0,72.2,92.81,-39.78,1.28,49.5,34.36,77.52,64,114,75,982,203,933,879,422,67,19:07:37
7,2,1,99.4,95.8,47.99,-48.7,54.09,13.73,0.39,73,-49,-56,924,569,163,171,958,394,13:03:29
2,50,0,98.01,40.84,-36.65,-38.29,71.42,12.64,97.8,-56,-89,-70,397,656,864,474,29,797,00:35:53
10,3,1,83.89,26.79,-28.27,-23.9,41.81,83.47,71.01,104,118,174,54,879,353,621,278,105,16:55:36
6,45,0,30.02,29.94,-27.63,7.31,67.95,44.75,4.11,-47,-12,82,602,206,331,438,666,720,14:51:47
11,28,0,1.95,1.05,38.51,48.66,38.71,69.74,94.77,161,-170,72,18,238,541,102,45,975,21:31:59
0,22,0,67.56,69.27,-10.92,-24.25,49.5,45.67,23.91,-169,96,-67,436,750,152,332,307,456,02:03:15
4,21,1,49.77,49.86,-20.12,10.35,21.61,13.55,36.67,-37,-81,-70,166,889,390,313,495,842,00:55:22
3,22,0,87.67,90.0,-21.54,-6.63,68.03,49.08,21.11,-6,-176,170,961,591,319,839,197,713,22:30:00
1,48,0,49.57,97.6,-17.26,-45.77,96.0,68.32,99.51,-66,135,49,484,281,914,381,189,319,19:53:23
3,19,1,74.87,60.04,27.72,45.46,19.62,69.2,34.97,-137,-166,93,981,438,727,634,340,364,15:32:54
6,33,1,33.19,33.84,14.75,-20.6,67.68,18.27,34.89,-106,-68,55,119,665,622,568,267,548,12:11:18
12,17,0,57.31,20.38,-32.44,-23.77,63.06,39.26,88.38,94,-138,6,624,78,201,996,279,906,15:35:43
2,30,0,72.56,82.05,26.85,32.8,40.55,57.42,61.33,-180,165,-20,750,318,601,701,979,748,08:20:29
2,25,1,19.86,3.79,38.94,-25.93,4.95,42.84,79.55,159,-2,-36,160,324,458,96,725,681,02:43:11
8,13,1,57.51,19.07,7.47,-18.9,5.57,66.15,76.12,-26,101,13,398,712,252,621,769,86,05:37:44
5,44,1,28.32,88.96,27.28,47.73,22.46,8.97,8.87,119,31,173,248,0,111,221,469,215,08:49:48
1,24,1,40.8,72.34,-33.65,-46.3,76.91,60.61,52.56,22,-88,-84,377,822,602,849,653,859,02:25:59
3,47,1,40.14,84.68,44.21,-36.57,5.17,55.51,94.41,-72,109,-103,872,412,534,632,716,631,15:12:55
6,16,0,41.28,44.44,12.23,37.2,42.3,84.8,50.12,30,-177,-11,558,27,922,573,614,383,22:03:44
3,35,0,74.98,74.23,40.49,44.56,75.9,29.58,78.27,-145,-145,91,856,956,205,591,551,418,22:00:38
4,18,0,94.72,14.88,1.62,-40.12,32.89,57.05,4.48,165,-162,-43,281,635,81,723,69,608,13:25:39
8,43,0,32.15,85.42,-46.76,16.66,57.25,84.65,60.82,-45,-156,33,158,954,682,328,450,208,17:40:24
4,22,1,47.19,61.79,6.6,-42.02,88.29,20.76,91.39,-8,125,49,967,683,885,1017,458,561,03:08:14
6,10,1,96.0,73.22,20.11,-4.36,78.45,15.48,43.34,-108,-132,-31,418,547,556,0,36,433,23:42:00
10,39,1,93.27,23.49,3.91,-48.28,46.32,39.59,86.07,-147,0,-147,784,87,547,100,995,781,12:15:40
9,11,0,34.85,6.4,-29.57,-35.89,45.61,17.8,26.5,53,-48,127,1014,1012,884,195,712,310,22:40:54
12,33,0,26.86,20.49,0.81,-33.53,60.22,52.53,5.71,-17,175,-5,710,83,81,0,731,90,22:00:34
3,31,1,78.01,21.43,-45.69,-8.03,12.39,28.21,92.53,114,-100,-165,357,467,956,229,753,560,06:41:51
2,22,0,88.14,69.3,-5.59,-49.16,25.96,64.8,32.78,18,-81,-69,552,504,817,64,801,67,08:56:35
7,24,1,84.61,13.02,-7.51,24.62,95.96,55.68,16.47,21,-144,104,446,594,691,1006,452,299,18:50:16
12,19,1,6.32,35.98,-4.35,-5.17,75.55,31.33,57.65,159,-27,-113,223,136,447,618,273,544,13:16:09
7,36,0,77.49,94.01,14.46,47.85,40.56,90.38,78.73,38,60,174,881,252,1022,659,399,617,11:08:26
3,6,0,99.11,91.71,-9.52,10.64,13.57,38.57,60.58,-62,10,24,43,988,776,572,690,729,14:40:42
12,14,0,10.3,19.01,35.56,5.16,43.3,47.37,77.35,159,134,-53,937,64,888,164,597,885,07:45:24
0,33,1,85.04,52.0,-41.25,-40.02,11.62,95.72,46.73,-15,30,50,738,538,133,569,893,465,08:05:18
7,9,1,59.79,33.54,38.46,27.59,0.07,89.76,5.67,-95,83,-86,239,345,543,953,118,927,17:37:00
2,13,0,45.66,57.99,-40.46,-39.6,44.45,83.54,22.31,-131,40,63,831,489,786,70,450,401,02:03:28
2,0,0,83.85,41.16,36.78,-2.69,58.14,74.49,41.24,-42,175,121,913,243,463,560,886,302,15:29:52
8,1,1,89.87,13.13,21.73,5.73,16.0,53.83,62.07,60,-72,-16,310,398,918,68,428,433,11:35:33
11,1,1,1.84,80.85,41.25,-13.05,20.59,30.3,52.4,64,-134,86,765,664,194,866,229,129,18:47:41
9,36,1,71.59,75.01,-34.01,-30.72,37.63,45.71,68.02,39,42,-176,533,12,454,255,53,681,21:13:47
7,26,0,30.84,54.5,34.02,28.43,9.06,98.34,0.93,179,27,-94,391,707,619,181,949,420,07:35:42
4,36,0,19.82,49.7,-38.2,-49.65,32.85,47.06,59.11,-136,127,13,25,737,345,886,100,978,17:23:23
4,12,0,65.8,51.26,-25.56,32.34,5.72,21.24,78.79,-22,157,-69,329,203,179,385,56,647,16:02:21
8,13,0,80.78,99.36,-0.11,-32.5,1.02,1.3,98.27,124,10,38,491,923,27,366,65,179,12:14:29
11,40,0,43.07,1.59,-32.64,-45.82,90.02,26.91,77.83,-27,143,121,383,685,452,957,7,31,15:42:07
2,36,1,34.17,10.77,-9.34,34.3,53.62,22.43,61.7,-81,-132,12,60,217,831,340,255,406,01:46:27
9,12,1,4.21,64.15,-10.63,13.65,77.19,72.18,44.46,-32,-87,162,968,986,106,421,820,956,01:44:54
11,26,1,78.45,72.62,-30.15,22.77,40.34,16.2,50.27,107,38,154,492,541,97,560,665,7,22:10:48
10,9,1,36.98,81.25,-31.81,8.55,32.35,68.78,39.24,80,-176,48,698,501,784,452,153,140,05:46:17
9,44,1,52.72,77.93,-5.54,26.24,20.32,9.81,78.89,65,-120,163,722,1,79,66,900,295,23:53:58
2,24,1,47.13,24.61,26.53,-32.84,59.52,93.49,99.14,111,-10,9,965,945,144,528,749,429,05:04:23
0,42,0,26.82,53.38,4.15,-35.36,35.15,20.82,23.02,-171,-38,-104,574,191,687,939,451,87,02:07:21
9,48,1,22.03,75.02,9.86,-36.93,69.52,84.33,34.11,125,-120,166,442,804,797,638,546,525,04:44:54
12,8,1,59.85,36.13,-13.73,19.87,92.1,71.6,46.83,-29,-58,167,738,664,919,305,26,839,12:21:49
4,34,1,54.47,23.39,36.48,38.5,23.13,77.29,49.28,-68,-166,93,262,532,88,359,44,573,17:42:37
0,17,1,72.99,82.06,-25.5,-25.22,7.1,55.94,2.7,87,92,-65,150,635,980,827,937,277,10:31:15
2,30,0,82.07,79.99,-39.61,49.08,48.05,34.99,53.26,-28,-20,-90,746,775,734,675,623,801,17:40:10
8,25,0,60.08,60.39,-40.99,42.09,88.39,34.93,62.69,160,168,-135,503,231,863,609,891,489,00:13:41
6,32,1,64.26,1.23,-18.59,47.62,40.9,82.23,8.29,-95,-115,-87,419,938,950,1011,76,1022,15:27:56
1,20,1,19.71,20.81,-1.67,-16.03,92.03,75.82,17.74,-154,-116,31,60,977,144,164,709,207,21:25:42
10,1,1,77.51,45.63,28.57,20.5,89.31,31.91,77.73,8,9,53,306,344,415,720,853,372,01:09:59
5,1,0,5.08,34.38,-36.6,-48.97,48.51,7.27,19.07,-148,-122,-136,492,777,135,623,464,327,21:33:47
11,1,0,79.82,31.0,4.6,45.71,58.94,58.19,50.73,17,-37,-144,455,831,803,988,640,155,22:16:10
11,6,1,62.73,99.21,3.06,-6.99,60.9,28.35,88.27,-2,174,-140,893,626,870,604,173,368,15:15:00
3,33,0,54.77,20.62,-31.56,20.29,22.33,65.29,64.49,-143,-47,167,7,488,273,181,669,112,06:35:58
1,37,0,98.31,58.21,29.17,33.98,28.76,75.68,14.93,-97,-168,-42,713,893,152,514,667,249,18:56:56
3,26,0,35.47,97.24,-24.97,-17.77,35.94,56.59,39.04,-174,-65,36,99,958,348,567,433,40,15:53:16
3,47,0,67.62,40.14,-37.5,-13.96,92.14,53.78,23.2,-8,-165,-14,123,466,469,788,837,919,08:17:19
10,34,1,46.55,44.03,-43.5,-35.61,90.56,74.14,62.38,-10,155,-166,841,56,433,454,124,118,00:39:25
1,26,1,82.19,19.56,39.11,-19.14,57.17,31.02,61.24,118,-81,-90,701,353,266,498,439,740,02:19:28
1,47,1,73.89,99.29,0.5,-29.22,66.98,27.5,86.38,-150,100,-82,189,974,967,627,91,543,13:30:30
11,36,1,53.71,89.86,-14.33,48.93,87.56,3.11,6.16,-103,-44,25,364,549,44,757,581,505,23:11:32
2,46,0,17.43,88.35,-7.13,-18.64,16.44,17.94,33.22,24,-142,63,846,730,923,62,355,529,06:44:38
11,9,1,82.93,39.83,21.48,-5.04,16.21,98.88,56.98,146,-107,179,6,764,884,711,724,607,08:38:23
3,26,0,58.01,83.56,-27.95,17.51,54.67,77.56,36.94,-14,-159,26,194,661,1004,142,421,772,00:11:02
11,36,0,38.78,9.52,27.52,-36.05,20.72,21.85,75.77,-34,162,-66,423,767,728,600,19,463,19:48:55
10,29,0,98.51,45.16,15.94,27.19,46.76,15.65,28.54,176,-26,-2,801,542,469,273,302,444,12:59:00
8,31,0,76.33,92.21,-14.84,-9.38,79.44,47.96,37.04,-131,55,15,626,113,255,825,305,147,20:47:54
7,2,1,51.03,5.7,18.55,13.86,22.65,88.01,42.17,177,25,160,272,269,427,816,1007,878,09:42:03
0,10,0,93.64,75.43,-38.5,-27.57,59.47,78.82,90.29,117,39,98,529,699,902,81,423,957,09:19:14
7,24,1,56.62,21.91,-25.16,9.97,13.08,22.87,59.24,-36,-84,-118,1005,567,327,5,870,662,00:15:44
11,22,0,23.11,89.41,49.19,42.88,79.21,42.41,32.64,-45,85,168,581,424,493,192,353,644,15:41:17
12,2,0,28.82,79.67,24.65,14.86,49.42,26.38,95.52,-5,5,-82,721,95,405,965,820,763,01:09:20
6,44,1,49.95,87.62,-13.48,-32.34,3.63,78.91,67.08,-90,91,-21,221,132,588,436,918,10,21:40:22
1,32,0,35.43,65.09,26.04,-26.79,97.49,67.36,18.95,-133,65,-41,752,903,193,718,35,886,10:14:39
8,33,0,59.66,57.03,-4.12,49.2,90.34,86.68,0.9,86,-117,-26,514,88,414,454,919,534,19:19:06
10,32,0,58.86,37.69,14.36,-29.04,97.09,68.2,89.55,168,112,78,735,347,242,553,26,1012,15:44:20
6,6,1,93.61,10.41,9.29,-36.59,19.58,54.38,58.57,89,116,-21,88,544,406,432,523,873,22:07:24
9,3,0,22.58,20.61,-2.26,-20.04,40.97,74.25,33.38,167,21,151,508,559,809,407,345,49,18:57:35
5,25,0,44.81,72.54,30.45,-39.68,29.48,59.31,26.7,-10,-95,115,883,673,148,65,882,168,06:39:57
1,2,0,87.68,81.57,-5.9,8.74,96.12,5.77,35.67,150,-56,-78,314,224,974,560,575,40,05:35:21
1,9,0,98.72,16.78,-36.8,-10.79,86.36,82.99,43.77,102,107,54,421,388,143,392,496,344,10:36:32
6,48,1,92.79,63.92,-42.57,-22.27,66.66,32.02,87.67,118,50,90,551,798,696,588,976,70,11:30:43
2,13,1,72.21,1.21,29.65,41.5,69.91,14.81,32.42,74,17,-148,146,830,213,410,168,353,18:23:17
7,30,0,10.3,78.59,8.89,39.27,81.83,96.3,34.46,92,176,-109,311,297,680,287,397,781,12:55:48
2,14,0,10.78,74.67,-4.94,27.37,58.36,47.66,61.26,160,-178,92,987,138,823,451,860,408,08:21:21
5,28,1,72.59,93.77,-22.77,13.28,96.51,50.34,68.15,-21,-53,174,380,641,506,94,467,39,15:32:05
12,31,0,47.84,99.99,19.93,-17.85,24.99,27.29,5.15,-58,-147,32,856,535,537,893,846,505,16:54:02
10,37,0,86.38,18.03,-15.02,5.63,15.09,78.47,95.51,-89,162,-8,865,431,764,139,353,214,21:22:48
4,25,1,78.53,47.12,2.96,-17.09,98.03,69.26,77.49,167,67,166,802,414,995,559,786,127,23:16:17
4,9,0,62.37,25.71,15.42,22.03,2.09,57.12,21.03,-114,-134,-143,877,778,150,450,961,841,01:23:59
5,35,1,35.21,48.81,3.73,6.93,12.34,72.64,59.63,-111,85,47,52,745,430,350,731,386,05:30:08
10,35,1,33.09,69.33,48.06,-35.9,59.86,77.37,11.66,-1,7,-48,560,908,128,531,656,84,05:49:39
11,5,1,12.44,11.95,16.56,-3.5,96.28,99.48,10.37,120,-115,55,369,671,712,362,214,1010,07:07:39
8,43,1,34.67,52.9,-23.36,37.17,86.77,30.65,82.53,96,6,-85,155,270,330,676,58,702,20:26:04
7,34,1,10.74,67.12,43.77,20.5,99.83,21.24,67.6,-140,42,-38,579,473,853,510,198,727,06:19:15
11,40,0,59.69,65.86,-10.02,-11.05,85.22,37.04,24.4,-61,-33,-14,330,779,401,334,810,334,14:03:13
4,41,1,95.13,93.83,-48.73,-9.74,69.0,8.8,54.17,-150,-103,115,865,580,862,737,720,79,03:05:17
3,26,1,2.64,77.54,36.3,-13.07,53.47,26.08,22.35,167,-96,57,151,569,825,66,630,671,23:45:10
6,16,1,19.94,83.16,-23.19,-2.45,0.63,62.1,36.22,125,118,123,180,121,808,740,577,455,22:24:54
7,24,1,29.08,1.51,-39.09,-8.7,11.25,80.55,28.59,138,-77,161,411,184,455,860,117,128,07:19:34
11,38,0,77.6,37.94,35.42,21.54,13.61,3.0,7.47,-12,15,140,543,262,319,340,51,18,06:02:39
3,35,1,61.86,50.76,-41.48,26.12,64.83,17.92,91.41,-178,-85,21,697,881,969,824,481,735,21:38:33
10,11,0,26.42,50.52,39.75,-14.72,44.85,78.0,37.38,-171,169,55,362,373,447,852,904,190,18:23:42
5,14,1,68.47,70.06,-34.4,-34.8,39.28,52.14,38.0,173,-167,87,995,581,668,618,516,421,15:36:16
9,46,0,81.68,52.68,7.81,-46.43,32.48,95.1,97.45,-125,-98,53,282,398,836,821,836,54,22:12:48
11,49,0,40.35,95.88,6.52,-48.73,6.29,60.69,25.08,96,107,-68,924,586,478,162,35,531,14:16:28
12,12,0,76.7,32.82,-40.18,-17.25,15.98,87.11,32.58,38,-86,-120,666,599,539,553,792,822,15:38:04
10,20,0,90.65,46.68,29.97,-45.51,84.8,92.77,93.45,1,-116,80,1012,121,395,817,935,905,11:02:28
4,23,0,14.5,88.2,18.97,38.32,8.87,63.24,56.15,79,-142,-163,207,926,332,307,922,191,14:50:41
11,34,1,93.92,78.55,-33.29,30.42,64.66,93.81,10.16,49,84,163,279,238,1009,986,306,849,18:28:48
11,48,0,64.43,45.94,-29.62,17.22,85.87,42.45,13.03,153,-108,44,781,294,832,224,433,346,03:22:57
5,32,0,39.9,55.01,7.35,28.46,17.18,60.44,67.19,140,-124,-74,480,423,165,67,171,193,22:32:43
5,49,1,30.44,1.07,29.67,-43.76,14.54,86.46,58.85,-14,-25,-8,115,383,2,540,952,997,20:46:35
10,44,0,96.38,89.19,13.7,-23.53,40.97,86.55,89.64,45,-114,31,775,63,223,582,277,1,11:50:17
10,35,1,88.49,19.21,16.85,-19.54,33.75,77.26,60.35,34,-154,152,994,607,575,106,215,453,04:10:43
11,34,0,53.5,88.16,-4.84,33.02,22.34,83.3,0.55,128,-8,79,355,366,103,947,47,457,18:06:26
1,23,1,82.19,71.59,28.51,44.04,34.95,44.66,89.25,-150,43,164,897,863,245,150,641,706,04:28:43
9,43,1,39.44,86.06,24.56,-33.7,26.69,68.53,76.38,-146,-44,-108,883,439,636,503,956,478,01:42:27
4,25,0,15.0,63.6,38.95,-47.46,95.45,10.06,51.27,-120,153,-64,231,978,618,930,269,759,00:38:01
11,38,1,38.71,40.68,-8.52,47.38,17.79,39.45,56.33,169,172,-126,913,437,216,186,32,322,05:19:57
6,22,0,20.6,99.35,-3.51,20.61,8.16,46.98,23.69,60,-72,0,248,690,952,396,633,544,20:47:32
7,4,1,47.61,82.22,-0.69,5.64,79.58,46.15,70.27,67,-114,93,291,124,712,984,557,914,00:57:41
5,39,0,26.03,63.89,-30.94,18.45,23.2,30.02,63.65,-173,-155,67,716,911,452,271,965,243,03:20:51
10,42,1,56.96,36.54,-33.82,27.3,74.5,9.51,75.22,-13,38,164,316,178,949,12,564,512,21:31:23
7,28,0,3.47,9.44,36.42,46.28,34.36,68.33,17.13,98,-151,-11,552,191,802,341,151,864,07:03:18
11,48,1,88.23,79.65,-1.89,-13.3,12.59,85.49,68.06,180,48,-83,352,581,169,342,683,97,19:34:19
2,8,0,6.53,68.8,27.72,-9.72,69.39,71.75,90.66,-43,169,-74,940,128,524,686,873,944,15:08:36
11,3,0,24.66,60.79,26.84,23.15,24.5,44.2,59.63,-161,-5,10,184,691,237,88,991,521,05:18:25
4,48,0,35.3,5.24,-38.05,-24.5,15.42,30.0,13.78,36,64,-100,495,725,106,220,890,21,19:25:57
1,3,0,31.3,47.48,5.15,21.38,72.84,23.33,76.72,59,-21,163,908,148,288,94,565,256,19:27:23
10,29,0,58.3,19.24,28.6,31.73,22.37,70.73,57.49,-71,-141,-156,286,277,302,175,945,48,20:33:06
7,30,0,42.48,84.67,23.23,4.49,4.43,23.66,26.16,-117,-175,-26,352,191,680,692,195,229,19:11:35
11,29,0,34.56,64.11,16.94,-1.76,88.86,74.93,32.88,121,-23,92,710,374,658,268,891,155,00:56:45
1,19,1,72.57,32.68,-5.07,10.45,82.93,34.28,28.03,-43,-84,67,35,274,203,963,166,999,06:47:52
4,27,0,56.62,2.57,-32.98,-30.42,32.99,35.86,32.54,-66,-19,140,407,786,17,496,32,372,22:24:54
5,33,1,53.33,39.55,7.01,36.3,89.38,32.32,83.52,121,-57,-149,451,638,936,824,974,438,04:46:40
11,18,1,62.14,59.16,-5.14,-4.83,44.87,58.4,51.86,111,-158,-80,857,981,703,370,740,196,11:22:44
0,42,1,8.59,93.9,-29.74,-3.01,36.63,83.53,18.39,83,103,17,296,322,270,795,766,645,19:53:03
10,45,1,31.9,95.05,-21.9,-31.61,1.74,72.17,63.36,-72,108,-167,230,210,954,986,446,14,04:35:16
7,27,0,39.76,48.9,-17.2,-36.37,12.99,10.21,60.33,111,158,-69,107,639,674,810,887,577,21:24:06
6,14,0,80.15,82.13,-21.77,-33.06,48.99,65.97,50.38,141,-84,3,856,739,372,171,962,1020,20:32:45
12,24,1,23.41,72.57,28.09,-0.4,4.67,16.64,77.35,-65,30,-73,954,807,934,189,605,867,22:31:20
2,40,1,14.14,68.21,5.31,9.17,7.74,6.13,19.71,-73,-90,-68,441,115,554,754,324,100,03:36:52
8,14,0,71.4,15.09,-18.11,5.19,66.46,49.41,40.05,97,-21,119,661,925,868,529,166,714,11:04:22
8,49,0,8.85,21.16,28.83,0.52,69.0,16.63,90.15,-172,-179,-108,326,490,648,740,642,50,12:47:17
6,14,1,82.99,22.53,44.78,20.78,58.97,32.47,40.61,152,-34,-138,686,83,573,229,952,965,11:25:26
3,48,1,87.7,93.75,45.36,12.97,12.24,73.69,93.95,-118,76,137,545,63,546,326,120,76,06:44:21
9,32,1,6.1,26.11,-29.93,-15.39,30.15,6.98,66.39,-134,67,139,453,770,890,840,294,303,03:17:09
3,44,1,2.22,87.1,47.63,39.71,31.89,39.02,87.61,80,104,4,304,363,117,361,187,341,12:23:36
5,29,1,40.67,40.32,-34.98,43.23,96.89,15.72,98.04,21,14,151,398,113,314,168,851,782,00:47:36
1,23,1,69.34,77.64,-27.56,-15.41,90.19,98.82,44.11,-165,2,-104,140,896,565,640,83,972,03:36:46
7,20,1,22.86,12.87,8.41,0.77,67.22,11.17,62.32,-16,-31,180,911,750,224,743,172,650,06:20:32
10,15,1,13.4,66.55,26.14,-42.8,6.69,65.64,50.8,176,107,135,33,591,808,211,58,921,17:42:21
11,14,0,33.76,76.05,12.42,-38.63,64.41,65.37,75.02,100,-113,49,511,642,488,14,639,538,08:31:19
7,39,0,74.51,55.65,48.93,45.9,87.39,29.63,11.89,-53,93,172,301,626,417,62,521,62,17:46:27
2,25,0,82.63,21.2,19.22,-17.71,29.28,46.99,46.22,139,-135,-30,564,144,685,319,84,265,02:31:06
1,43,0,43.48,52.08,-22.23,-36.43,96.53,5.72,82.94,-150,75,165,415,34,844,4,13,446,02:54:59
3,21,0,37.84,73.77,45.7,-3.12,69.62,66.21,24.77,-147,-49,116,500,853,992,151,655,128,23:35:22
6,21,0,11.44,63.56,2.44,21.65,4.74,68.4,87.45,154,-32,-69,119,911,1013,983,424,937,21:34:10
6,10,0,38.58,38.0,10.79,8.61,42.42,55.04,7.74,-79,150,-95,910,337,97,544,286,306,20:03:45
5,36,0,86.03,92.49,47.34,-8.09,30.26,68.05,58.42,143,59,140,515,932,741,786,53,360,17:41:31
8,46,0,30.89,40.74,20.73,29.55,22.28,57.89,53.41,167,138,156,158,829,156,239,503,86,15:41:58
7,26,1,58.08,55.64,31.0,-46.53,65.6,31.93,55.42,172,33,17,674,581,392,240,690,345,16:54:38
10,10,0,49.84,47.64,3.41,-39.34,94.16,31.89,8.24,-67,-111,-27,927,686,726,1012,665,759,07:29:04
9,41,1,23.61,66.18,-36.76,46.76,41.6,67.83,70.05,-60,-101,98,63,927,39,580,394,403,15:28:33
10,27,1,49.18,10.3,18.9,-15.25,10.87,91.49,12.92,43,-45,21,522,127,543,564,885,328,23:08:37
7,33,0,67.13,56.87,11.96,-42.67,60.67,3.46,28.71,-150,-102,7,212,393,79,7,264,360,12:12:15
3,13,1,95.87,65.2,-17.36,17.03,58.38,24.36,14.27,100,43,-86,144,906,498,303,311,312,11:11:48
7,30,1,28.24,77.85,18.96,1.61,84.93,45.63,85.52,-104,74,-17,202,116,112,631,854,828,13:06:46
4,46,0,5.84,97.64,9.74,-21.63,64.77,46.43,86.18,97,28,36,1,404,818,872,285,806,11:56:22
5,26,0,7.25,76.82,-21.21,-32.14,24.2,18.46,16.26,9,19,-28,338,100,121,66,754,395,19:01:21
11,21,1,36.87,46.22,45.11,35.41,24.38,1.12,9.94,-82,-51,171,194,1,993,582,168,829,13:50:36
6,18,1,58.76,51.82,-41.74,32.12,97.64,47.32,92.26,-162,-105,62,136,393,1016,309,44,964,01:18:54
7,8,0,31.15,10.58,-17.02,-15.47,20.62,45.01,52.87,66,-54,55,634,417,799,721,156,371,18:40:15
7,24,1,38.02,12.89,-5.72,5.02,60.74,78.13,73.47,108,169,-7,21,23,234,531,816,941,19:20:51
11,2,0,66.44,56.35,46.93,25.63,16.44,43.29,44.98,-99,129,-70,859,626,491,470,863,815,02:04:51
12,44,1,89.51,19.06,6.31,-46.1,58.49,28.69,97.89,-123,-32,-24,690,156,426,645,491,305,07:18:20
8,19,0,46.37,46.53,-47.48,-33.37,85.23,2.3,96.34,-83,-65,77,173,159,261,1007,308,363,08:00:26
12,48,1,42.03,2.96,-29.23,14.8,39.96,27.79,5.03,62,61,112,891,495,658,68,767,748,19:53:27
0,43,0,74.86,82.45,3.74,3.05,5.16,81.62,98.66,-13,-37,-154,164,332,261,900,13,744,06:07:11
12,13,1,98.13,38.56,39.26,1.01,15.95,1.32,24.7,40,-127,-76,129,558,889,114,43,424,14:16:50
7,8,1,74.91,11.08,17.1,-0.97,73.25,86.8,87.04,-124,-162,13,249,621,795,297,256,1009,15:23:03
1,28,1,59.34,28.02,37.35,41.07,34.34,44.51,9.07,159,-29,137,488,388,300,178,952,435,16:39:11
4,34,1,92.16,64.96,1.87,1.84,76.95,42.19,40.42,-101,43,169,357,649,77,318,278,123,14:07:04
6,9,0,61.33,16.53,-36.27,48.65,34.06,28.96,85.7,-67,23,-164,372,621,488,256,857,156,01:15:19
12,47,1,37.86,80.73,22.69,-4.47,7.1,75.21,32.35,-113,105,123,1017,485,759,842,239,374,13:52:40
1,40,0,2.85,32.98,-13.78,39.29,62.14,0.52,4.91,163,106,65,125,855,203,25,249,707,17:28:29
2,43,0,38.17,31.53,-32.02,-37.98,64.1,0.15,53.15,-52,133,117,450,399,350,159,301,87,20:19:29
11,37,0,77.04,45.17,19.88,15.45,10.35,21.7,6.79,23,-92,166,943,372,296,1006,813,966,23:08:24
5,49,1,19.76,60.64,33.06,13.27,26.75,57.3,54.09,116,-25,-177,826,706,321,181,869,11,04:30:21
1,45,0,98.48,73.5,-30.73,-45.84,40.82,34.31,90.62,68,125,91,987,883,430,1012,121,956,10:12:45
7,0,0,78.46,0.6,-10.0,13.98,44.87,66.84,41.46,159,-58,-49,91,94,855,635,709,1001,00:20:25
6,15,1,31.54,28.61,36.23,-23.23,16.09,52.42,27.72,35,-139,141,577,154,668,413,827,382,12:19:23
0,12,1,59.8,23.66,14.89,10.63,21.79,22.15,32.45,178,89,71,244,883,33,815,770,151,14:42:47
5,22,1,73.25,65.4,-19.69,-2.75,45.12,17.89,28.38,-42,-148,-13,601,937,161,460,72,571,12:49:54
5,49,0,28.61,61.79,-14.39,8.11,49.4,98.31,89.51,12,-37,40,785,13,7,466,436,208,23:13:18
1,21,1,7.22,54.16,-14.13,-37.23,14.29,31.38,98.15,90,26,-99,543,1017,227,307,894,869,09:08:16
7,17,1,19.82,75.97,7.44,-44.26,76.47,53.92,79.09,-135,-67,138,136,705,793,664,659,538,19:07:09
10,44,1,66.35,25.91,1.49,26.73,82.15,37.09,79.36,-156,-90,-41,143,42,855,84,816,152,18:34:03
5,17,0,60.47,53.73,2.41,17.0,76.68,27.15,60.0,-78,33,-3,882,433,708,252,963,968,06:27:57
1,50,0,18.51,16.69,3.79,40.81,88.63,44.72,75.11,-58,-30,-116,579,873,453,267,410,993,22:44:16
11,7,1,56.04,17.78,-29.46,11.92,98.16,48.07,16.06,-69,33,97,205,160,674,222,855,390,12:24:00
3,19,1,36.53,60.69,16.78,-17.65,55.62,7.07,94.82,-144,-63,-95,809,530,504,324,1004,877,13:14:00
2,49,0,21.73,57.32,-43.59,33.34,6.74,2.55,0.48,-45,71,31,674,957,938,40,1004,449,12:08:36
10,19,1,53.16,65.01,-17.56,5.23,8.53,88.44,1.17,155,98,94,1008,880,163,903,583,178,14:51:38
5,48,1,2.43,6.83,23.54,-33.94,7.73,85.13,39.99,-21,-113,-172,372,283,875,914,600,122,04:37:25
12,21,1,38.31,66.21,16.19,4.76,57.2,53.76,97.11,-52,64,-31,365,892,252,6,664,957,15:10:11
1,36,1,33.63,66.35,-3.4,-17.04,35.65,47.74,10.83,43,-119,-52,917,558,955,713,470,624,17:43:48
0,11,0,37.69,98.42,20.57,28.36,99.54,95.25,73.73,-46,142,-75,906,362,690,445,377,173,15:40:45
5,12,1,65.7,13.92,4.91,21.46,30.47,17.51,87.88,107,159,-22,666,899,270,48,893,16,10:32:48
6,21,0,24.28,15.59,-23.99,48.53,97.24,98.35,43.2,161,149,167,449,158,642,9,918,315,02:41:10
2,32,0,16.14,87.29,-21.35,-36.75,1.55,74.29,92.15,50,91,-69,978,57,413,188,373,151,10:53:49
7,29,0,61.09,80.16,-16.92,-20.55,1.4,89.75,11.98,40,-47,123,812,863,859,536,599,509,16:27:00
7,38,0,51.1,41.0,-28.44,-2.22,50.27,69.26,60.64,117,-34,120,533,474,9,9,563,781,01:51:06
9,29,0,39.27,5.84,-8.78,-38.05,85.33,97.4,26.4,-115,-20,-175,903,1019,450,73,666,997,01:58:43
4,6,1,95.57,23.76,-36.36,-43.87,28.12,95.5,85.02,-83,-113,51,795,356,972,797,856,470,05:01:27
12,36,1,10.03,70.54,8.72,-37.01,74.89,85.85,56.82,-174,37,-161,15,394,508,933,375,79,01:05:59
7,4,0,60.3,18.38,6.69,11.76,45.31,28.16,82.49,-59,-105,-24,673,173,161,307,957,276,20:33:52
10,43,1,30.26,26.89,49.74,-25.99,21.52,37.89,34.56,102,-14,-137,369,834,205,974,89,115,20:21:40
3,18,1,28.41,6.15,25.73,-37.67,72.21,51.02,95.0,142,-7,68,91,767,301,86,204,235,21:16:39
7,3,1,45.43,29.11,4.41,-7.82,6.65,97.97,80.76,39,-161,-156,916,349,160,281,64,235,16:59:42
12,22,1,76.54,8.01,-34.21,46.97,40.42,92.25,89.54,71,-180,-74,72,752,159,496,378,827,19:02:07
2,9,0,51.48,17.56,36.93,-15.36,70.37,29.05,40.35,98,8,113,581,1004,196,417,814,273,05:47:40
4,38,1,43.44,41.41,-21.26,-28.75,71.79,62.87,47.04,-90,-73,-12,738,990,283,207,560,629,07:03:14
9,27,1,30.91,18.38,-28.16,49.85,15.33,26.73,13.23,-137,-168,-118,172,917,145,513,807,370,06:01:06
10,2,1,42.75,74.04,-24.31,20.86,66.07,6.46,63.16,35,144,12,564,820,222,445,427,166,19:53:53
4,5,1,18.64,23.04,19.0,-49.69,34.99,80.29,4.99,155,-121,-177,898,1023,826,493,528,203,00:15:23
2,47,1,95.81,55.09,21.22,33.23,12.78,15.63,58.69,-113,8,-76,734,662,414,786,796,194,18:41:59
1,19,1,67.88,6.06,15.99,44.31,52.86,55.89,66.26,-162,48,-60,777,1002,69,900,1011,876,01:36:34
10,32,1,36.63,37.07,43.76,-21.93,36.88,56.38,64.6,33,-131,-167,964,562,576,390,465,607,11:25:31
10,50,0,84.18,90.34,-43.53,-34.6,84.41,39.94,45.14,-100,-18,85,289,564,284,835,187,267,14:43:37
2,26,1,54.94,59.69,17.55,-42.77,10.03,45.56,38.98,-35,50,-115,436,96,579,250,196,339,22:53:48
1,6,1,9.56,5.33,49.98,12.11,97.45,18.86,47.07,145,-25,-85,68,598,689,267,171,736,06:38:32
3,38,0,16.81,3.87,-10.4,-49.27,91.86,96.44,23.64,-54,-81,-84,226,377,523,89,137,853,12:17:43
9,34,1,28.29,39.99,-1.15,-1.54,95.04,75.87,28.03,-138,167,-125,295,88,737,226,596,895,11:35:57
3,4,1,82.09,71.83,-9.19,-48.97,53.63,30.6,52.78,-43,23,-78,222,627,123,733,130,344,08:14:56
3,15,1,99.94,10.75,-44.12,21.35,97.8,39.87,64.15,-34,-102,67,588,15,526,513,811,226,06:41:20
10,39,0,91.53,11.81,15.7,-12.85,25.11,12.34,63.94,124,-159,127,965,975,627,889,738,189,09:28:09
1,38,0,89.42,52.77,19.13,49.71,70.0,66.0,74.1,169,102,166,346,840,27,441,217,757,06:44:47
11,40,0,72.28,91.93,25.62,9.38,68.79,9.82,12.34,159,124,175,153,516,329,972,454,688,21:34:03
3,24,0,34.71,9.98,-42.99,21.42,60.2,57.93,47.11,44,22,-50,480,439,233,494,0,506,20:23:26
3,27,1,73.74,94.76,19.87,28.22,81.64,86.77,45.63,8,-130,160,129,398,791,535,446,105,11:36:27
10,37,0,77.67,80.75,-3.52,-13.9,43.39,7.08,35.94,-19,161,-73,300,400,174,364,625,234,18:44:27
6,15,1,0.05,20.17,35.53,-2.44,51.7,34.79,76.5,28,-94,34,219,530,841,440,940,538,23:24:26
8,21,1,54.16,66.36,-7.76,40.08,84.97,18.27,29.93,20,-81,-34,933,939,125,396,52,461,07:08:53
5,33,0,85.11,84.63,5.47,-8.0,19.61,62.01,75.89,45,-113,-136,835,130,407,800,227,993,14:12:51
8,43,0,67.2,97.56,23.87,-30.57,84.22,73.35,87.94,-126,-151,-81,605,494,842,338,870,343,03:13:41
5,0,1,29.51,48.13,-5.32,-12.67,39.92,41.73,95.89,-157,29,-162,561,801,79,631,898,290,14:00:22
2,45,0,38.48,65.59,48.24,-46.22,88.08,60.09,14.96,58,-179,159,323,489,143,706,844,363,05:16:17
12,34,1,89.03,74.74,37.66,-3.88,38.9,0.22,86.91,151,-69,93,565,138,117,960,597,312,06:22:07
12,21,0,64.55,24.85,6.55,33.02,23.37,18.94,38.23,63,-140,1,148,433,738,178,142,557,11:56:33
9,10,0,84.38,7.79,-16.98,-41.93,30.09,55.26,74.39,92,-115,-116,377,77,671,942,147,1003,22:45:05
7,27,0,48.73,15.67,22.11,0.58,18.99,79.57,29.45,124,125,-151,57,467,281,746,641,397,10:41:03
10,28,0,41.17,9.52,-22.27,44.36,10.06,49.47,39.71,-117,-86,-58,143,608,332,464,553,100,16:54:40
12,12,0,84.1,98.34,11.35,14.73,66.46,59.07,82.46,165,59,-32,581,66,702,783,167,598,00:29:15
2,23,0,32.51,41.66,46.27,49.01,87.52,86.21,60.58,-44,34,74,1002,108,329,964,710,823,02:21:01
4,24,0,0.09,52.28,22.76,-1.38,3.37,48.62,90.01,176,12,179,768,522,876,651,852,393,00:49:42
2,16,1,67.11,69.04,17.66,-38.5,0.03,62.66,97.74,-176,113,-53,933,364,704,920,196,382,00:06:36
0,26,0,25.03,54.74,19.58,13.1,72.6,37.64,21.27,162,139,114,398,39,850,953,468,707,11:14:55
11,8,1,36.2,46.89,-20.27,6.14,86.89,48.91,97.96,-80,-154,143,302,1020,415,882,693,829,18:36:46
4,36,1,8.26,22.77,-14.57,7.93,81.01,62.77,46.83,-50,106,-162,376,121,591,700,665,823,23:59:36
5,0,0,6.4,90.59,-21.1,30.94,50.66,52.87,96.71,110,43,-73,129,127,73,804,582,319,23:46:10
12,45,1,55.93,51.25,-14.83,-5.67,50.79,11.38,73.2,-7,120,42,232,42,600,169,73,864,15:59:45
0,27,1,97.12,63.6,20.97,46.29,12.73,44.51,1.12,175,-19,-125,263,697,826,571,618,17,08:46:11
6,42,1,91.29,27.17,33.9,34.88,42.45,34.27,63.4,115,125,-178,962,753,336,149,353,1014,22:27:41
3,38,0,25.08,44.59,0.59,-29.62,76.94,85.23,90.86,114,22,-143,462,131,44,364,425,483,02:03:16
8,46,1,81.01,31.52,32.07,25.63,42.63,8.68,19.17,43,35,167,359,493,223,983,956,831,18:50:19
0,46,1,63.05,96.59,31.74,-40.1,22.78,77.49,64.82,-40,66,66,403,310,296,451,615,74,14:25:42
4,16,0,17.87,47.47,-11.86,35.57,37.09,13.57,98.62,-90,-43,-121,688,273,969,718,107,745,22:09:24
12,33,0,73.31,46.66,35.0,-5.93,65.82,1.65,81.38,-12,-64,101,773,426,102,35,480,960,17:14:33
7,42,0,60.11,25.37,-27.2,-3.55,66.89,3.97,1.56,30,-166,-146,388,32,785,135,958,295,09:18:24
9,27,0,68.92,88.96,-41.12,30.18,63.02,71.61,5.68,40,157,-40,344,917,233,534,707,617,08:13:53
5,41,1,47.93,25.46,8.82,33.54,19.66,80.94,17.2,60,-6,72,451,387,268,815,31,795,16:37:23
4,9,1,40.08,39.2,10.97,34.22,32.63,88.7,94.86,-61,37,-125,941,393,1003,835,33,220,07:41:14
11,48,1,47.24,36.76,-8.59,13.65,27.93,36.29,0.46,-77,-39,159,438,997,121,455,259,981,07:56:23
0,35,1,14.96,91.15,-7.0,46.16,65.59,57.1,96.88,-22,62,2,711,946,759,701,745,258,16:55:55
11,36,1,29.96,42.69,14.49,20.24,4.11,96.43,67.76,6,-70,-5,334,703,886,624,934,357,05:42:10
10,39,1,9.39,22.14,-34.31,48.07,2.16,54.06,96.26,31,-82,-15,345,658,241,860,73,125,03:06:59
7,36,1,74.73,30.6,37.34,45.48,13.56,27.61,73.6,-136,3,51,25,766,341,50,808,470,23:19:48
11,34,0,6.23,85.81,-37.08,26.22,62.58,13.25,49.27,46,142,86,447,680,93,545,290,85,10:09:44
0,9,1,80.0,15.06,-36.51,-2.49,81.42,28.74,19.68,109,-91,117,668,52,723,632,506,72,21:33:41
4,31,0,17.02,86.58,-18.03,-28.75,91.15,55.46,79.32,-173,34,122,676,694,94,729,2,158,16:34:02
11,37,0,94.66,93.82,3.48,-17.74,41.93,35.92,38.81,-78,145,-10,866,995,877,993,56,338,03:01:26
0,44,0,6.39,86.67,-26.05,11.47,68.9,58.46,7.77,149,-12,173,319,529,160,896,351,158,20:24:35
9,8,1,28.69,8.09,23.42,-42.14,3.45,45.92,38.45,-110,176,-7,127,407,362,856,250,859,07:11:59
2,39,0,7.53,71.93,5.65,22.08,45.93,13.5,36.51,-58,-142,149,902,78,946,275,42,893,06:12:54
1,48,1,73.09,19.08,25.04,42.99,58.24,86.25,30.44,155,-128,93,226,335,898,968,827,422,14:14:45
5,33,0,91.9,92.91,-27.19,-22.55,31.6,77.19,41.16,8,-165,-68,453,721,430,395,595,859,04:55:49
5,9,0,83.14,29.33,32.36,49.52,64.71,93.46,24.92,71,-180,105,488,285,839,1008,600,473,06:00:14
11,43,1,28.64,7.31,38.31,-27.98,59.33,11.3,76.61,120,162,-76,791,61,173,1015,53,930,17:00:15
4,28,0,6.24,82.45,24.09,-11.07,39.19,98.43,20.79,-28,-98,145,621,742,557,54,544,823,09:12:58
11,21,0,81.04,85.01,-46.68,-49.99,78.52,67.16,38.98,-168,-54,-40,916,1017,294,22,960,44,17:03:07
4,35,0,64.78,12.13,-13.02,-16.97,1.23,22.29,78.9,-56,-109,-123,899,259,236,43,359,611,18:02:29
6,29,0,8.27,83.32,-42.18,34.09,55.68,59.84,32.63,49,-23,-118,168,295,741,80,774,965,23:52:09
7,24,0,41.34,79.67,-12.69,30.64,49.41,2.88,71.53,28,47,140,592,321,850,208,601,642,19:59:51
9,24,0,22.08,62.32,30.43,20.87,76.51,11.75,87.6,117,97,172,84,512,454,284,433,670,05:23:10
5,24,0,53.81,88.02,45.21,12.59,85.01,9.11,46.4,-145,-25,-111,735,805,635,425,585,867,18:26:39
3,15,1,58.8,28.01,22.49,7.12,90.83,74.43,55.52,-26,-81,46,282,775,145,859,938,62,12:52:37
4,31,0,3.08,89.34,18.7,-8.54,75.81,69.81,54.04,65,-73,176,254,996,201,556,327,666,03:53:03
8,38,1,82.26,3.91,-39.02,42.61,31.2,2.11,44.27,79,-12,-96,344,34,211,639,215,767,23:52:54
6,50,0,58.08,91.07,-46.48,36.14,95.7,67.09,62.76,20,-56,-121,717,991,555,549,174,677,18:05:13
6,9,1,75.46,66.95,12.45,37.15,47.8,89.32,0.21,-167,42,-2,163,187,233,992,938,754,02:31:53
5,43,1,71.78,7.48,41.87,-0.28,13.26,28.83,76.09,-168,99,-118,164,854,550,989,88,106,07:52:45
2,25,1,36.05,45.5,39.13,-18.99,5.89,84.01,31.09,-89,-118,-153,641,859,503,814,584,2,15:32:18
6,49,0,92.52,17.13,20.45,38.88,10.46,14.33,54.22,-123,138,-36,901,751,429,830,315,318,14:06:37
1,25,0,64.79,89.09,22.91,-4.81,94.67,92.39,69.55,170,58,-138,843,1014,477,376,835,21,12:16:21
9,3,0,88.96,46.6,28.24,-8.92,40.03,22.86,62.28,-119,-49,136,1011,8,557,167,322,896,22:21:25
5,3,1,16.03,15.43,-44.46,32.66,54.84,59.06,80.05,-35,-156,-92,256,312,828,359,344,708,19:48:31
10,32,1,77.72,36.95,4.22,5.2,38.63,45.34,1.37,175,-42,174,958,871,991,62,763,623,17:57:37
0,30,1,3.34,70.56,-2.4,16.09,4.71,35.07,3.22,-75,131,-96,916,214,51,182,641,135,12:47:21
5,43,1,32.09,79.68,22.06,-37.89,99.46,56.08,0.55,-128,15,165,84,284,465,979,323,296,16:58:37
11,10,1,68.54,65.19,-2.07,14.45,10.02,46.66,45.62,120,38,95,371,650,413,552,341,287,00:15:36
12,6,1,79.6,59.5,-25.89,44.88,49.1,94.17,20.66,-77,163,-143,649,516,295,736,789,12,18:29:30
1,44,1,46.77,70.06,42.69,38.11,98.34,64.34,92.28,-165,-38,-104,707,827,368,796,363,1017,00:45:08
3,24,0,49.88,7.72,-24.76,43.48,73.94,64.37,16.91,-21,-124,-159,460,343,668,947,620,987,17:02:43
5,20,1,66.87,23.89,13.68,13.51,57.14,21.64,40.85,84,-6,-149,142,690,748,653,103,850,11:45:55
2,11,0,8.33,97.09,-15.26,2.75,62.51,55.58,59.49,-92,10,-125,174,394,666,206,116,7,11:02:03
1,21,0,51.05,11.42,0.16,20.62,89.21,72.49,44.24,105,22,-128,176,840,546,266,984,905,12:25:13
10,34,1,54.5,33.86,-48.17,-19.68,67.02,92.75,73.21,-130,124,-61,148,860,984,922,163,498,20:45:20
3,37,0,91.64,32.31,39.45,44.6,83.96,53.21,66.36,-77,13,114,213,303,327,616,627,93,05:52:20
11,30,0,10.98,23.76,12.81,10.46,31.86,13.84,1.82,-46,-169,-29,846,651,41,214,47,253,16:18:04
4,17,1,92.36,92.04,-22.77,-8.76,59.7,29.82,92.88,42,42,-125,799,619,543,939,441,180,18:22:58
10,3,0,76.74,79.09,-3.93,36.86,23.43,54.72,46.1,135,45,175,141,299,505,441,496,355,03:04:13
3,29,0,73.2,26.32,26.47,-4.4,12.26,88.68,76.72,-29,7,143,236,844,796,310,237,280,01:44:49
8,33,1,79.22,40.53,24.86,26.42,2.57,19.06,62.56,-110,148,62,259,346,53,957,315,68,03:16:44
7,3,0,25.34,43.81,-2.11,36.22,16.29,54.16,77.03,-83,-31,81,626,680,448,698,121,947,16:23:44
12,37,1,12.49,89.34,-36.43,7.1,53.0,64.4,18.85,-143,-82,-99,1006,892,536,988,727,789,14:53:52
5,20,0,45.16,84.77,-2.38,33.27,33.65,95.24,52.75,-2,-2,-144,69,127,447,525,671,758,08:05:42
8,45,1,66.72,25.24,-40.12,49.8,31.91,89.75,44.31,-49,-20,78,603,50,645,1009,861,358,02:05:37
8,30,1,88.96,49.27,40.69,-47.27,58.37,12.79,94.39,128,129,-115,956,64,1010,485,821,49,10:29:48
5,0,1,87.89,1.57,-24.74,24.21,95.21,78.84,46.25,156,76,142,201,9,530,703,803,287,11:47:42
12,7,1,12.41,20.31,-42.28,2.52,7.19,91.02,23.38,-29,64,131,386,122,593,515,100,705,16:03:24
9,48,0,42.95,93.4,41.26,20.84,96.56,96.95,74.86,178,-155,-164,313,238,912,814,796,814,21:11:23
10,35,1,87.29,64.17,-22.82,5.19,40.16,15.29,77.61,22,16,31,1,278,48,85,865,71,08:39:40
7,7,1,35.01,12.25,-25.36,2.0,47.48,61.53,78.78,146,43,-128,95,1,84,1011,967,314,08:56:41
10,14,0,51.68,4.65,33.48,18.94,69.76,55.23,6.09,-27,161,-78,270,16,411,355,333,554,00:33:25
2,27,1,64.48,36.67,-3.9,-43.05,24.6,39.69,18.02,165,45,-68,96,217,3,139,550,521,02:50:50
3,18,1,41.09,87.66,-28.96,16.76,76.82,69.28,59.19,-15,-133,144,473,399,847,745,288,887,06:06:12
8,1,1,34.29,41.97,22.92,-8.37,19.82,61.05,43.53,-39,-40,144,941,704,159,181,229,827,19:47:02
10,7,1,72.89,40.58,8.71,14.62,96.98,27.65,5.61,-83,-16,111,314,175,74,420,535,31,14:47:44
9,20,1,90.83,81.3,16.09,-15.55,94.91,98.8,43.57,44,25,-172,819,31,377,57,167,54,01:53:37
2,25,1,71.87,56.63,-49.12,47.53,76.36,63.89,12.77,117,-76,-70,362,365,727,239,311,4,12:21:49
2,12,1,10.06,33.55,-12.4,1.0,31.09,31.33,3.12,9,-138,-81,851,400,745,962,210,341,02:17:48
10,40,0,59.82,44.73,41.24,-42.1,50.56,92.01,90.23,-86,-58,-123,933,713,548,772,12,620,15:56:38
12,29,0,25.28,9.95,-22.89,1.77,28.02,70.4,3.23,-73,-17,43,230,262,493,726,444,237,06:20:41
9,27,0,27.62,36.33,25.79,15.14,60.94,79.23,69.32,-25,-47,111,270,180,917,490,987,235,17:45:06
4,46,1,6.16,50.96,15.33,-45.3,62.47,46.65,55.4,-46,-40,64,703,451,797,807,578,82,06:45:20
3,15,0,78.37,75.45,-49.31,-26.1,1.59,5.14,43.53,-28,-180,93,1008,345,223,766,251,821,09:23:49
8,41,1,3.92,43.59,38.48,-45.6,44.14,53.32,29.9,-96,20,-87,953,525,169,148,556,274,05:52:21
12,11,1,64.63,37.03,-34.47,5.39,37.78,14.36,39.85,-15,-38,31,392,555,392,75,475,98,04:48:45
0,18,0,15.66,43.68,37.21,-16.14,53.3,11.57,33.69,-106,-115,-82,99,975,624,61,832,922,19:11:49
0,40,0,35.28,96.62,-7.31,-49.2,16.16,14.02,82.47,22,-61,-1,421,16,442,9,306,840,06:24:41
5,32,0,26.62,90.16,33.12,31.81,15.59,88.03,43.56,-115,60,120,484,555,246,119,138,261,08:07:20
5,50,0,72.87,60.02,-19.57,-47.55,24.07,34.01,6.46,-51,1,-93,592,61,794,452,237,226,20:06:04
9,41,0,21.02,22.01,49.2,-32.83,76.16,35.02,34.81,68,149,5,302,171,1006,366,761,343,13:58:44
3,1,0,4.11,13.48,2.05,29.16,50.88,39.91,2.03,-10,56,-73,366,995,879,185,377,792,05:26:27
5,5,0,89.23,75.59,-6.34,18.42,7.34,9.26,80.35,153,-180,179,771,268,89,575,533,88,07:14:23
8,34,1,72.76,96.96,44.02,-24.17,29.46,92.17,41.24,13,58,-73,605,820,276,212,356,391,13:20:27
1,39,1,12.54,47.53,-7.06,46.69,11.25,2.32,52.16,-171,16,36,857,308,199,766,795,905,02:16:55
6,18,0,31.05,72.35,4.49,-47.84,61.29,35.7,88.1,109,-177,-95,1000,224,923,403,825,248,06:46:33
9,25,1,60.71,24.26,-43.65,-31.17,86.39,6.75,60.46,-89,-12,-154,3,800,687,421,821,500,19:38:40
8,48,0,32.97,45.1,-47.76,32.86,20.56,70.47,97.92,58,47,-122,746,315,652,591,384,26,10:38:41
9,20,0,20.25,0.65,-2.54,21.55,62.16,90.14,75.22,-41,-167,-42,110,21,84,50,420,1009,22:53:49
11,9,1,9.86,20.84,-38.69,20.43,6.49,43.43,93.69,134,-178,-168,239,344,856,625,631,507,14:30:04
8,41,0,3.69,38.68,-23.59,-27.59,12.15,90.11,61.43,23,111,20,106,288,884,638,420,205,13:29:09
1,29,0,93.99,69.9,-8.26,47.13,20.23,85.45,69.12,62,138,89,396,605,537,616,494,775,15:33:57
5,37,0,1.47,53.8,-20.39,18.03,60.22,35.22,32.93,124,-31,-86,440,628,419,278,271,994,05:44:38
5,19,0,74.75,99.06,23.26,-4.27,65.2,92.22,83.64,-80,170,-61,168,279,234,815,950,440,17:31:09
2,44,1,21.02,9.17,27.39,42.47,74.52,93.18,80.65,122,34,132,1007,675,570,604,779,41,11:53:43
12,29,1,78.91,74.41,-21.94,48.48,48.98,52.37,62.23,-30,-54,89,666,643,612,783,585,327,17:19:33
4,45,1,59.32,12.73,-34.74,12.29,6.67,11.82,4.12,65,-106,-104,170,841,19,97,38,160,03:09:23
9,50,0,32.73,55.51,-1.54,37.83,34.3,15.49,81.28,159,157,9,564,489,611,53,872,63,22:05:59
1,46,0,99.51,98.91,39.71,-42.31,57.59,14.72,8.85,-93,179,-166,271,816,231,522,641,497,05:54:34
9,30,1,48.53,29.3,18.27,-30.96,81.55,11.34,16.13,101,-156,-26,642,130,995,915,930,974,01:57:20
0,7,0,63.43,52.41,-38.29,29.99,55.27,10.82,82.84,70,35,-68,303,998,473,402,347,341,12:58:09
4,36,1,34.73,43.92,-28.14,-8.34,54.83,28.71,18.92,7,97,-132,720,499,578,535,389,701,03:07:38
5,43,0,72.3,26.4,22.6,-41.67,29.29,76.37,93.68,145,134,18,871,77,657,325,21,607,23:46:23
9,32,1,87.9,88.63,46.54,-42.14,89.6,31.26,57.27,-131,70,52,119,766,533,153,573,980,13:19:30
3,24,1,27.48,81.56,43.83,44.45,60.64,5.15,85.4,106,109,175,196,640,15,585,58,533,00:47:33
11,27,0,76.49,48.19,45.08,-12.22,29.48,77.12,33.92,-44,27,25,531,765,533,936,204,225,08:26:44
11,11,1,80.48,26.77,-19.74,33.98,48.48,59.97,72.12,-8,116,-89,658,752,301,843,78,548,14:14:50
2,15,1,80.34,94.36,1.25,13.42,10.91,56.54,5.92,70,179,-17,186,778,732,574,695,389,10:58:56
4,21,1,12.81,28.18,-5.16,-35.22,49.53,61.78,96.54,109,179,62,942,705,456,202,179,243,06:23:37
4,40,0,19.38,23.97,-5.48,-22.22,71.27,10.95,30.2,-95,-135,161,117,259,917,700,966,3,03:37:26
5,43,1,84.93,40.03,-48.33,32.96,73.63,83.8,14.05,-74,-76,115,212,220,500,894,281,501,10:17:12
2,34,0,64.98,79.87,25.0,21.69,31.34,92.79,97.44,175,-132,-111,812,205,984,666,421,55,01:44:08
9,4,1,39.47,20.23,14.55,-22.96,29.76,55.53,35.8,62,-178,-129,189,537,238,613,659,344,09:10:16
1,38,0,86.19,74.78,37.79,7.55,41.13,82.85,81.23,119,-4,-65,110,197,547,771,681,42,11:57:33
6,19,1,62.24,93.6,-25.86,44.29,42.16,35.49,16.9,101,-168,-151,812,477,530,63,662,806,17:15:18
11,46,1,2.47,82.28,-4.88,-9.25,20.86,21.44,45.71,11,-162,-112,414,35,98,435,669,91,17:38:55
3,28,0,62.91,78.76,-47.96,-35.0,31.57,96.16,19.52,-10,4,-73,981,603,467,951,1022,631,16:26:11
12,27,0,46.46,64.31,-31.02,13.7,90.14,28.95,60.61,159,83,122,806,656,829,758,416,360,16:12:17
0,32,1,16.42,23.61,5.86,-46.67,98.96,76.0,96.84,115,120,-152,28,99,880,719,462,352,11:27:04
7,27,1,92.18,59.99,22.65,21.02,23.3,78.61,47.58,-175,-132,168,477,545,921,368,588,7,17:06:05
1,33,0,21.33,71.93,-14.41,39.79,3.24,29.69,26.0,-114,5,54,625,804,415,67,289,1004,15:35:48
8,4,1,86.04,68.2,-48.4,49.75,38.81,3.08,35.52,-58,-3,102,416,73,665,43,712,402,18:38:11
0,49,0,1.93,14.4,-34.78,5.98,12.91,29.02,68.64,-161,82,169,201,398,631,563,779,412,08:32:41
0,5,1,30.91,98.01,14.52,30.7,76.38,18.65,36.11,2,24,17,341,651,206,750,16,51,19:33:42
11,50,1,28.42,89.61,-4.27,11.76,77.74,82.67,26.42,113,-117,-133,553,988,133,306,252,97,00:41:25
11,31,0,29.92,83.48,-21.41,48.03,1.41,68.84,92.97,116,-77,-47,652,866,448,747,351,489,11:42:19
12,21,1,75.68,19.98,37.16,29.76,7.97,83.68,34.69,2,-160,143,125,61,389,547,547,128,08:04:36
10,35,1,85.12,1.03,-18.14,39.73,35.28,13.32,75.1,-4,152,-29,856,148,53,496,306,978,03:46:52
10,36,1,16.39,82.16,13.19,-23.25,95.67,85.7,73.92,145,-20,55,486,551,388,510,102,762,09:19:58
0,19,0,17.29,44.51,-24.57,40.33,54.46,31.94,43.19,-3,-86,1,282,924,690,836,462,437,20:31:13
11,12,1,76.8,8.19,24.98,-16.47,56.5,84.5,33.63,-107,60,-138,586,723,95,1011,917,488,13:12:39
11,27,0,4.44,23.17,17.21,-18.86,26.5,5.1,78.0,129,27,14,936,739,658,834,591,77,22:13:24
4,12,0,33.2,1.51,26.45,-47.23,20.57,73.1,50.98,64,-152,-7,664,202,49,955,1019,495,06:46:15
9,11,0,26.1,33.7,-13.04,8.99,97.82,10.25,64.04,-27,-30,39,459,654,787,345,834,532,09:25:34
2,1,1,69.11,88.84,30.86,11.73,92.88,74.21,90.58,166,-131,-116,358,925,210,200,362,798,03:18:01
9,39,0,83.84,48.82,42.83,33.2,74.72,24.62,9.3,-43,-103,-149,424,412,263,488,359,750,03:16:50
5,32,1,23.7,4.12,8.71,27.48,98.53,1.09,81.2,-159,14,-63,393,1020,315,356,501,376,22:20:16
10,32,0,33.11,2.04,-17.53,-25.37,56.9,47.18,42.35,16,11,110,938,951,646,1013,635,833,11:16:53
10,38,1,41.93,90.44,43.6,-7.27,65.54,8.67,66.32,51,-6,167,463,529,632,464,992,99,05:57:25
6,22,0,91.33,91.74,-12.74,-17.31,9.71,28.44,37.97,70,71,97,800,365,544,156,424,611,12:41:58
6,44,0,3.85,25.28,16.22,3.14,96.6,43.8,15.09,-176,106,100,520,285,42,368,588,270,14:11:56
5,30,0,36.59,52.58,-39.88,10.48,21.14,0.74,27.53,170,-138,-11,194,585,567,736,834,749,07:31:45
12,3,0,22.64,26.74,45.79,20.09,75.16,48.34,12.77,-85,50,158,921,396,457,102,930,355,05:16:27
8,22,1,78.6,41.44,-8.01,-1.82,95.34,41.82,44.87,-173,-38,111,59,354,106,741,837,714,20:32:47
3,43,0,82.14,68.55,-24.8,-39.26,48.55,33.61,51.72,-141,95,114,537,136,267,98,971,332,21:43:44
10,34,1,64.02,15.64,23.64,-1.44,12.23,38.35,85.28,70,141,107,319,591,749,798,335,37,16:38:34
4,50,0,54.41,69.03,-34.39,20.17,66.04,60.04,30.19,124,-177,89,200,967,711,597,873,679,12:29:47
9,32,1,15.54,21.07,29.58,45.22,98.11,7.87,96.14,-79,-10,71,714,39,46,956,806,709,10:09:14
2,25,0,1.27,16.89,-4.45,14.78,27.36,83.11,84.45,147,-148,-121,65,372,720,377,997,680,08:39:06
11,28,1,50.59,58.65,49.72,-22.08,33.54,50.88,62.37,168,-61,123,51,956,966,754,393,6,23:20:59
3,0,0,61.77,64.92,42.6,9.32,60.61,12.04,48.32,118,-159,-84,702,870,71,301,937,635,01:01:13
7,17,0,76.62,44.65,16.56,-36.98,27.49,78.6,33.96,43,-69,0,638,933,958,246,753,1015,05:28:44
8,27,1,13.19,26.01,22.51,-8.98,20.98,89.3,22.92,57,-120,28,886,200,849,993,301,268,08:24:51
2,34,1,45.31,82.13,6.56,-27.96,71.98,43.97,7.37,-177,125,121,464,131,770,466,327,396,15:47:39
1,27,0,36.92,71.08,-16.44,17.53,35.02,98.27,49.48,145,-120,81,602,593,602,726,482,526,23:26:05
5,4,0,65.25,0.12,40.15,12.22,65.75,92.88,38.84,4,-116,-40,487,846,790,500,516,645,13:53:23
12,9,0,10.4,81.82,27.28,22.56,16.31,29.13,50.44,-148,115,-51,510,750,164,351,661,286,02:12:42
3,29,0,23.61,37.69,7.19,48.93,12.68,76.27,75.69,11,-174,-177,75,102,135,101,277,266,05:57:24
3,44,0,54.42,0.31,-18.48,23.0,9.14,44.39,28.52,-125,-16,20,568,732,336,807,31,938,15:06:23
1,31,1,79.48,76.79,-39.81,13.77,38.34,15.18,11.66,-90,125,115,790,288,915,1000,361,323,02:46:24
4,9,1,15.63,59.57,-38.27,23.64,37.3,28.61,40.22,180,-103,-45,586,362,29,389,617,629,20:15:20
5,32,1,5.36,51.27,-7.33,37.11,14.65,40.27,52.46,68,161,-80,941,708,885,602,869,352,19:20:53
9,14,1,23.19,31.55,32.61,-43.31,76.84,24.98,10.41,-75,109,-83,536,443,318,345,85,689,20:52:55
11,13,0,79.13,92.78,-15.35,-39.82,67.21,64.13,49.46,98,-106,170,219,324,591,166,1011,119,22:43:53
1,42,0,26.58,25.89,42.55,-3.56,2.85,99.04,51.9,18,103,-113,1004,965,1018,304,149,665,07:51:39
8,40,0,71.85,33.18,7.18,27.81,47.35,66.44,99.0,40,-164,-95,711,324,318,338,406,642,17:19:31
6,24,1,59.04,19.68,-15.37,46.33,43.43,13.01,12.26,-80,-62,10,12,814,118,341,108,706,04:12:40
0,25,0,13.5,38.48,29.07,-11.23,50.74,88.87,27.52,-163,-31,-14,610,680,821,24,561,798,16:56:23
1,21,1,73.39,12.04,43.84,5.22,88.53,82.89,43.96,38,151,112,333,516,721,993,522,225,23:32:02
1,38,1,74.07,99.46,-2.94,-39.02,62.64,28.76,31.28,-172,113,54,242,512,1009,311,795,207,23:33:45
4,47,1,98.98,54.04,-47.59,33.3,53.08,85.35,13.26,15,15,5,285,150,439,984,333,590,10:23:53
12,20,1,31.35,81.33,24.32,34.3,96.5,38.85,59.38,49,-32,5,1021,586,373,706,129,727,14:27:46
8,46,1,98.5,58.63,-2.22,-2.07,62.75,83.31,40.37,42,110,101,928,811,195,911,352,549,00:20:30
7,22,1,88.6,39.54,-9.36,43.02,33.5,61.34,76.76,-65,3,19,268,1010,111,55,902,75,16:06:19
11,1,0,20.86,79.41,-24.9,-25.27,5.52,44.58,77.98,-114,-79,164,371,105,210,953,388,644,01:00:07
6,44,1,46.89,41.62,22.68,8.14,74.99,88.34,3.1,5,-145,-66,487,553,796,917,860,317,02:00:43
7,36,1,9.32,3.28,23.92,-38.63,69.24,46.73,98.23,61,-72,100,604,740,929,726,246,1,23:14:07
0,41,0,2.05,57.22,44.59,23.37,63.58,12.51,57.69,-68,-30,108,224,230,880,118,655,708,14:00:13
11,14,1,39.18,80.37,-18.82,24.64,27.91,19.51,40.22,-132,-38,-45,877,557,821,554,456,114,18:11:07
2,4,0,54.41,60.76,6.49,-45.75,35.56,32.64,72.44,110,-127,32,817,819,276,666,848,87,22:19:01
5,42,1,32.99,4.43,-24.52,-43.55,97.53,86.49,51.08,165,36,19,269,823,267,790,273,85,15:25:02
12,12,1,21.81,27.51,42.7,39.04,85.08,58.59,25.17,22,-132,157,950,656,317,984,779,531,02:08:10
0,19,0,27.8,52.97,-41.16,-16.65,61.41,80.02,89.06,-145,-27,-73,823,73,824,189,8,660,21:59:44
8,8,1,71.51,70.18,-20.48,-49.35,86.12,59.92,37.15,-11,-60,85,372,219,369,474,168,213,15:29:47
8,14,0,85.39,2.87,12.55,-39.36,9.13,41.11,26.77,61,-145,25,794,1009,165,465,167,252,03:44:02
4,44,0,52.23,17.31,31.05,26.69,18.35,16.23,71.5,142,-180,180,668,505,431,878,55,51,07:03:09
11,26,0,18.41,90.24,-43.12,-41.77,66.71,6.49,52.09,91,-80,-62,891,437,130,1017,16,19,20:29:07
6,27,1,32.73,69.18,22.51,6.57,61.52,56.54,96.4,-166,171,-134,790,920,508,822,590,483,17:02:59
8,3,0,43.12,92.72,-42.87,-27.18,70.17,22.23,78.45,98,134,-20,158,647,497,712,11,752,12:04:07
10,43,1,96.08,44.59,28.02,19.28,0.84,24.5,18.01,-116,78,-11,975,226,972,902,648,153,05:10:12
0,35,0,59.77,7.43,41.53,11.9,28.83,36.11,12.08,29,127,69,909,438,899,196,11,316,18:30:32
2,1,1,67.29,27.57,18.99,-14.17,70.12,58.46,42.14,-25,97,-73,822,461,857,503,201,301,00:20:33
5,46,0,34.13,15.06,19.9,-21.07,83.19,48.16,90.41,-22,-130,-18,631,167,2,258,368,108,05:19:18
5,47,1,72.14,73.1,41.98,19.03,80.26,73.63,41.02,34,-3,-114,280,993,320,987,588,774,20:45:36
0,14,1,18.46,26.62,28.83,16.34,46.26,21.88,34.75,132,61,-85,429,737,278,764,941,145,23:54:16
0,13,0,97.47,74.36,-19.87,-42.85,47.94,69.84,52.54,11,-80,-70,238,973,942,112,712,472,17:05:43
3,47,1,60.49,89.2,5.1,-16.68,48.61,4.96,79.75,-170,-50,-95,423,235,699,1004,464,440,04:47:19
5,16,0,94.18,38.14,46.96,-40.09,93.38,15.74,56.32,-60,-21,116,790,141,870,594,487,586,11:28:04
2,31,1,53.08,15.61,3.69,-31.72,99.37,24.81,92.14,-43,-72,-5,498,344,374,574,706,785,02:03:18
0,41,0,39.64,83.29,46.16,-49.76,3.02,86.45,26.26,63,-53,127,581,92,399,1007,638,556,16:34:40
3,2,0,36.55,15.26,-8.02,30.28,25.01,30.32,64.4,114,149,-10,9,777,278,91,631,299,07:06:02
9,42,1,47.57,12.51,9.53,-9.36,3.5,38.05,26.26,82,-158,23,460,523,497,492,309,842,18:58:32
8,49,0,46.39,45.69,39.92,49.81,50.84,90.33,5.41,-51,-6,-138,351,349,289,599,618,684,05:27:01
9,33,1,3.33,55.67,49.05,0.5,71.82,29.38,2.48,166,19,17,105,634,74,602,325,585,08:44:14
5,29,1,69.9,18.07,-5.59,-40.67,63.6,80.83,14.2,-160,4,-167,561,220,643,620,493,871,10:14:35
3,32,1,51.16,80.46,-7.36,-0.67,79.89,63.78,91.81,124,-180,-27,420,62,583,611,853,119,16:48:25
3,25,1,80.72,11.47,-44.4,-25.84,81.92,3.26,7.46,-103,77,-78,689,43,57,857,961,712,16:35:49
3,17,1,22.91,63.6,-35.99,-44.97,14.13,63.32,93.87,39,-32,161,639,20,778,845,59,450,02:38:21
12,1,1,16.94,91.59,-17.33,32.67,24.39,19.69,46.94,128,44,119,181,510,543,924,70,592,08:24:07
0,33,1,87.69,42.25,35.87,-20.36,88.04,53.0,42.43,23,-106,1,729,392,180,681,125,494,05:51:36
0,10,0,18.52,68.98,15.13,-23.13,42.97,60.69,10.97,-37,-5,-38,294,960,702,424,702,526,11:10:30
9,40,1,62.17,51.77,-49.25,-31.91,24.44,94.21,60.72,164,-69,-84,514,828,664,789,248,312,08:55:47
8,24,0,3.1,65.79,-17.29,-44.01,95.33,12.59,65.96,-61,104,-91,515,1009,865,479,137,163,06:25:55
12,41,0,90.36,78.63,48.47,-17.86,46.1,17.9,87.66,-36,-14,36,822,585,972,325,836,741,13:59:37
3,46,0,31.43,13.46,-3.56,31.89,63.17,72.44,24.42,-58,-20,2,856,153,653,329,57,766,04:43:43
11,14,0,95.84,12.71,17.49,41.22,41.15,70.81,51.89,-77,19,-76,351,275,21,133,951,228,03:53:59
0,22,0,10.61,47.17,31.83,25.42,89.27,63.02,76.55,65,-155,-103,313,47,319,1007,648,895,23:20:01
8,28,0,82.81,71.62,-16.99,32.96,16.2,13.79,7.1,-71,6,-106,602,1021,692,4,39,488,23:53:35
1,7,1,7.22,29.74,41.0,-21.81,69.56,12.63,32.8,81,-102,-38,120,748,339,659,586,286,14:42:16
10,50,1,74.36,79.0,-2.61,-28.46,48.4,58.0,64.04,119,86,-71,815,855,723,18,572,366,12:19:18
7,24,1,47.82,94.78,-25.34,19.15,19.6,42.21,56.92,111,-67,133,872,329,591,20,420,875,19:34:20
1,41,0,88.28,87.83,-38.95,-21.88,66.99,13.97,4.41,-3,-43,-164,702,204,809,988,259,71,17:03:34
1,28,0,33.87,12.3,-20.61,-5.52,98.19,21.66,7.04,15,-36,20,155,173,777,952,482,708,02:00:00
5,34,0,60.0,30.81,15.54,17.54,90.29,69.54,98.69,72,-52,-139,516,675,380,577,790,279,19:47:04
2,43,1,61.22,4.72,25.98,49.56,26.67,53.04,96.98,19,-103,-29,961,837,646,910,4,186,01:19:53
12,31,1,36.7,13.42,6.83,18.81,82.4,95.07,98.81,41,-158,-108,667,814,497,386,897,859,07:51:07
0,43,1,40.01,57.96,-22.56,-22.95,59.86,55.24,19.84,-82,-143,-34,367,287,95,847,469,60,09:50:23
1,34,1,29.91,77.83,11.52,21.4,67.83,2.54,48.24,81,-127,-29,466,880,77,765,984,554,00:43:49
3,24,0,29.41,72.63,45.4,-35.95,18.71,87.37,50.47,-123,68,-98,683,199,669,963,775,331,03:15:00
12,28,1,95.66,69.68,27.01,-3.14,57.15,76.77,0.29,-85,71,-50,1010,103,829,669,532,535,07:35:20
12,23,1,0.19,97.1,-43.71,-18.0,45.32,19.5,76.51,-130,100,-38,590,579,445,712,588,217,03:53:56
0,36,0,36.48,15.98,11.87,-31.02,40.81,68.74,2.95,-165,6,-51,173,219,768,172,545,388,09:11:47
5,1,1,40.95,50.88,33.31,3.08,46.13,15.22,88.37,23,161,124,322,733,152,73,553,950,11:26:25
5,48,0,70.5,91.85,-15.36,25.63,20.38,10.97,20.91,150,68,142,296,639,684,499,262,240,06:00:16
2,2,1,75.99,16.65,37.22,-1.28,4.58,65.41,56.26,179,68,-148,164,219,775,605,400,939,11:19:06
10,32,1,46.52,33.39,-26.75,-27.7,30.06,20.76,83.6,-170,60,-62,767,939,537,4,817,407,16:23:02
11,19,1,21.22,29.83,-18.17,-3.73,15.69,87.33,42.1,122,-73,121,325,47,347,803,775,60,12:23:32
3,0,0,35.55,77.57,46.71,-26.82,91.75,90.06,5.25,-69,-29,-180,486,937,466,470,549,561,15:41:43
6,36,1,6.03,20.65,14.4,-43.58,18.32,35.71,27.4,-169,63,46,614,75,736,904,552,825,04:19:56
0,10,1,82.35,42.41,36.21,29.48,30.57,11.79,19.64,160,139,-137,846,837,995,734,628,167,21:18:51
1,12,1,21.77,28.17,-14.1,29.46,87.09,57.49,7.82,55,124,21,441,590,50,57,430,607,23:01:35
10,9,0,43.25,82.25,30.59,8.33,2.98,53.82,2.94,39,20,111,890,996,768,954,592,129,16:15:34
2,37,0,3.4,10.61,-21.55,-21.81,59.05,21.59,63.78,-59,47,25,1007,978,70,1010,216,170,02:03:17
8,28,0,52.89,53.41,-25.73,49.37,71.43,46.84,85.5,144,-106,164,411,81,459,274,53,632,08:09:22
2,13,0,63.37,96.69,-18.09,30.64,42.58,16.05,89.74,88,116,160,853,749,1016,853,94,936,10:31:56
5,13,1,73.08,20.68,5.32,-45.73,34.01,11.56,48.57,-98,176,-78,613,281,32,253,633,98,08:09:50
5,36,1,17.59,54.11,48.36,-4.73,80.45,34.82,76.79,35,164,-129,599,562,593,766,865,356,22:05:59
9,48,1,25.0,90.7,36.07,19.83,87.3,50.3,40.35,23,114,-38,758,351,138,577,511,636,16:58:31
0,43,1,25.33,38.92,14.76,47.41,69.1,33.85,29.65,-130,-165,89,438,696,362,994,799,31,21:12:39
0,7,0,27.25,58.24,45.2,28.68,65.13,20.09,65.4,-90,-3,-46,636,141,295,416,896,812,19:34:05
2,42,1,91.31,27.36,31.61,1.59,20.23,49.65,52.11,39,-43,-68,678,29,114,611,874,332,20:38:21
12,11,1,81.58,99.79,-46.91,9.9,35.29,68.18,65.76,-41,-17,41,470,22,73,333,309,550,05:26:32
8,38,0,79.01,33.48,28.83,35.61,1.95,71.93,41.7,-3,133,122,501,291,219,248,864,400,19:08:35
6,12,0,77.82,95.02,32.82,36.09,12.56,60.89,0.42,24,-50,22,918,1004,984,56,326,159,19:32:09
2,36,1,78.78,94.02,-43.65,2.64,69.62,47.69,35.6,46,-93,-39,842,463,386,286,15,274,08:37:28
11,8,0,66.07,72.18,-11.0,-16.41,73.94,70.95,22.94,51,-154,15,906,486,111,871,570,529,09:40:48
6,22,0,73.18,98.7,33.26,-46.37,63.99,63.84,45.46,161,-167,-67,336,682,949,3,565,222,19:34:11
12,5,0,79.86,5.04,-44.93,-32.57,25.44,28.88,82.07,-77,-111,13,916,1008,710,719,269,344,13:12:18
12,37,0,13.09,20.1,6.77,24.9,32.22,68.16,63.92,12,-86,91,500,807,942,685,474,970,16:43:32
7,34,0,25.85,39.24,-12.34,-31.25,93.01,87.7,3.01,43,116,-86,103,589,375,665,412,616,06:25:15
6,28,0,27.12,9.69,37.95,-8.62,70.47,68.03,27.88,99,130,174,219,17,97,625,765,427,23:24:02
6,4,0,99.05,56.45,-42.95,-5.1,95.97,67.62,29.41,-119,-32,149,79,837,1021,467,62,769,15:46:42
9,8,0,43.07,39.62,49.31,18.76,17.54,75.48,21.85,39,-26,-147,955,86,554,763,882,432,11:16:41
4,29,1,45.5,22.09,-15.88,-38.41,44.39,65.12,18.68,-108,171,19,616,272,475,915,600,4,00:18:33
5,39,1,58.99,20.79,8.8,-12.45,93.41,73.91,53.64,-168,26,-81,212,381,569,155,153,834,14:06:30
0,7,0,68.01,35.0,12.26,-23.41,21.25,15.22,31.67,-62,-41,-89,206,436,859,912,964,16,19:38:37
12,0,0,36.11,12.55,-31.63,-21.81,32.53,76.8,64.91,172,-34,-116,807,399,696,489,912,917,05:12:27
11,18,0,1.83,29.47,3.9,45.84,85.9,51.48,66.89,-152,30,98,790,973,703,964,7,248,05:44:54
0,7,1,9.45,28.25,3.17,-42.21,2.14,85.6,44.21,-48,-150,-148,840,517,368,812,506,815,03:38:38
2,1,0,89.09,56.09,-45.39,-6.78,66.88,61.9,98.24,-98,-120,-92,3,451,535,153,422,242,10:48:44
2,42,0,95.15,23.49,-2.1,-17.88,56.14,18.38,81.29,61,-22,154,358,56,463,586,635,746,01:39:25
9,41,0,34.64,29.38,-39.94,-1.92,36.13,84.24,3.03,73,81,-123,225,206,58,702,516,162,17:31:50
12,36,0,12.82,45.62,-39.94,-12.28,46.49,75.5,5.01,-47,5,105,427,276,103,387,261,932,02:37:39
6,32,1,21.84,64.49,42.41,-26.55,15.86,32.27,31.33,67,165,95,196,880,15,429,886,541,22:44:47
2,8,1,76.48,61.22,-28.27,48.42,9.05,50.03,17.81,37,-90,15,585,161,596,611,951,490,03:42:16
7,24,0,38.46,47.21,-42.75,-2.35,87.47,66.15,12.0,68,120,-157,947,662,436,349,833,155,06:39:39
4,32,0,54.4,13.56,-41.21,-4.01,25.06,76.51,89.88,101,-117,-72,438,161,487,435,688,51,13:23:46
11,29,1,9.37,51.13,31.22,36.57,85.25,32.8,46.64,43,49,10,420,40,646,83,695,190,19:02:45
2,27,0,51.42,87.39,-36.34,34.59,23.63,65.75,95.82,39,39,140,557,873,98,826,618,224,07:58:09
8,50,0,2.04,70.22,-7.65,34.46,33.28,90.38,96.38,132,124,144,92,790,57,852,616,789,16:26:46
3,46,1,53.53,72.21,35.73,-11.32,83.96,95.58,62.85,99,-49,73,611,981,656,196,606,524,19:20:23
1,43,1,46.1,8.5,-1.12,22.07,88.24,88.73,72.01,-163,-167,-78,181,746,933,871,153,71,02:54:49
2,3,1,67.18,94.09,23.67,39.28,45.83,77.15,2.04,89,147,-150,792,186,639,519,642,723,10:38:28
4,21,1,41.59,62.59,27.17,6.48,88.49,23.8,12.43,99,-49,91,441,344,463,911,491,171,04:44:39
11,8,0,43.52,64.09,-1.23,48.79,66.49,17.84,91.99,118,-54,107,286,680,439,115,895,189,20:54:58
7,44,0,33.97,96.98,-46.21,-43.29,4.78,23.79,5.84,64,80,-176,87,237,598,1018,167,49,08:05:39
3,28,0,27.99,35.02,49.03,12.78,12.36,82.61,41.0,109,-169,-31,346,878,463,766,92,615,23:54:37
1,21,0,28.23,74.97,-31.56,-5.6,47.31,43.93,19.4,-118,67,-154,667,368,564,139,804,243,12:55:44
0,31,0,92.43,88.21,41.95,-36.13,66.6,64.3,2.34,114,13,-137,415,797,746,965,28,502,21:56:06
11,29,1,11.6,99.15,21.34,38.47,78.74,15.07,31.12,0,128,146,181,432,362,331,947,376,01:43:46
8,46,1,22.91,86.53,-19.81,-16.77,19.15,8.57,98.8,-104,-68,132,764,881,1,24,953,650,11:07:21
8,50,0,37.13,94.54,15.32,1.43,48.48,69.72,72.6,-19,174,134,884,912,324,143,476,245,08:15:40
1,17,0,12.47,31.94,-26.76,-42.2,78.82,76.02,27.74,88,-117,-120,382,898,107,531,952,816,10:53:44
7,16,0,42.61,28.67,31.34,48.77,48.56,0.85,85.12,-178,33,35,83,965,933,642,22,945,06:49:08
2,40,0,97.09,58.38,38.08,12.47,74.35,4.66,44.32,-116,29,20,273,640,956,314,373,925,03:55:10
12,16,0,39.78,40.71,-33.79,-45.43,81.68,93.47,6.9,104,82,-135,453,217,822,358,855,595,13:51:20
4,39,1,11.67,45.69,-46.59,8.43,66.4,24.81,73.4,89,-100,69,209,657,258,160,47,537,23:30:11
1,3,0,94.63,21.66,-42.28,-19.79,99.03,5.39,85.14,165,-89,34,44,385,113,646,473,823,08:54:26
10,33,0,72.31,83.75,1.67,-35.62,24.56,86.12,24.05,179,52,-48,418,650,770,672,1010,401,01:41:47
2,21,1,47.75,18.15,-1.7,44.84,33.41,51.94,75.24,147,-123,-65,344,113,14,444,745,101,19:11:50
1,40,1,88.19,9.47,21.76,18.19,97.27,20.77,54.21,-139,-107,107,585,132,780,835,646,866,17:34:51
6,4,0,18.78,66.04,11.31,21.64,45.54,22.02,49.02,-156,19,-121,120,362,249,330,989,779,10:39:56
4,46,0,43.46,72.74,-27.43,-1.85,94.28,78.1,85.15,-150,170,135,61,933,833,7,400,295,09:02:36
12,39,1,68.11,20.55,-23.92,-12.72,91.14,75.37,35.04,-11,-180,-137,1023,320,106,272,746,688,01:36:00
4,37,0,78.78,50.97,-37.36,-49.73,34.06,5.17,91.18,-129,-175,-67,482,110,570,566,346,572,14:32:29
0,43,0,54.56,11.95,-48.45,-19.61,64.9,34.28,98.3,-27,37,98,541,889,211,810,45,696,12:09:47
10,23,0,4.53,27.33,16.92,2.64,17.15,25.58,99.19,-23,-106,172,266,497,311,328,596,732,02:45:50
0,15,1,27.64,58.62,45.2,38.22,52.77,29.5,85.55,1,131,30,672,133,316,465,46,679,07:08:20
2,47,0,60.85,67.97,-14.33,-2.94,78.02,0.13,59.69,19,-81,-27,172,329,344,93,439,624,00:19:08
8,38,0,97.33,32.47,39.06,-31.71,81.48,93.01,73.11,-154,169,99,124,174,36,244,385,716,07:58:04
0,0,1,8.71,56.3,-1.41,-7.78,87.11,79.36,95.05,34,-16,50,241,343,600,749,222,730,13:41:38
7,10,0,37.24,69.72,22.82,-8.48,22.96,89.91,77.48,88,74,-110,544,289,632,601,243,355,05:34:26
9,13,1,28.28,50.9,-31.49,28.66,44.68,26.15,58.94,-116,64,114,57,634,822,495,743,543,23:55:12
11,3,0,53.44,8.5,-34.2,-9.93,56.57,96.35,95.39,-101,-107,-171,744,1019,304,865,284,514,10:52:21
4,9,0,70.03,23.7,-17.3,37.02,60.81,37.14,13.94,-95,167,159,93,327,234,433,937,838,00:00:42
9,35,1,50.79,27.99,14.46,2.91,27.33,37.49,85.18,63,-154,4,757,681,342,646,949,809,20:37:48
11,16,1,53.04,20.21,-43.89,15.86,90.83,22.13,97.8,121,131,-123,158,657,685,319,963,314,14:02:19
7,35,0,13.48,0.69,-1.71,-10.3,13.36,60.63,82.07,74,-111,-68,34,868,1014,763,608,569,11:27:09
0,25,0,11.33,99.87,-45.31,35.47,78.67,15.55,23.62,-22,-135,-55,761,201,1016,639,186,321,17:18:09
5,18,0,75.1,55.48,16.05,-22.09,35.68,84.79,0.29,-3,12,-108,236,291,991,926,181,84,04:47:37
4,19,0,90.9,0.07,-24.39,-32.08,61.08,30.95,2.33,-140,-30,-141,375,243,238,1013,714,525,09:27:12
9,33,0,87.6,33.7,-40.38,46.26,69.58,20.3,73.6,-166,91,51,465,242,941,470,277,133,00:07:12
12,46,0,51.96,48.65,-23.17,10.17,42.34,92.38,58.56,161,-79,-18,377,866,1007,166,32,565,17:11:45
11,15,0,2.14,15.31,-33.93,18.36,46.93,33.26,20.69,145,-20,110,984,819,983,196,619,750,18:17:11
0,14,0,94.04,5.43,3.39,40.55,77.12,22.2,35.74,26,0,103,612,464,659,863,997,822,03:36:29
10,43,0,52.06,51.1,-22.41,-13.16,15.95,12.85,6.23,-159,-104,-111,13,364,794,65,848,748,16:19:53
1,9,0,69.37,64.39,47.27,-16.01,50.08,3.74,62.9,-61,-156,-54,179,899,370,194,473,833,13:13:30
1,30,1,10.69,95.77,11.56,-1.53,32.18,47.0,62.57,-36,157,25,651,930,624,617,569,257,07:23:41
2,47,1,64.03,3.09,-49.34,0.19,35.76,62.65,24.27,-7,71,-122,715,776,825,249,804,55,15:46:51
11,42,1,33.35,31.49,5.88,36.53,61.82,10.94,58.51,81,-106,17,430,660,406,591,974,489,19:34:24
10,15,0,2.39,60.62,49.38,-20.82,57.96,75.9,60.38,176,125,-161,340,705,942,883,617,690,09:48:16
0,46,0,67.46,37.9,-5.06,-22.62,83.87,54.63,44.45,65,169,-112,219,39,626,502,5,144,06:35:37
9,0,1,81.61,6.47,49.47,15.42,35.61,47.25,11.09,-33,-80,32,269,535,966,798,300,52,02:27:11
9,26,0,2.71,39.47,36.71,-16.13,96.05,3.83,13.37,132,11,12,907,799,170,428,81,543,05:10:57
8,37,0,74.84,34.13,-33.81,-36.15,47.07,56.31,49.2,-43,98,156,25,57,979,599,655,609,14:50:21
7,46,1,97.32,77.52,46.04,-43.53,80.94,54.11,87.98,-149,-36,10,751,170,819,301,1016,66,14:46:45
8,16,0,87.51,85.2,28.08,24.46,5.99,97.7,21.62,-17,-164,-78,722,320,362,155,105,258,10:52:28
6,3,1,96.98,54.61,-1.37,23.45,67.16,19.43,84.29,-160,21,114,385,983,576,549,275,173,21:48:15
8,27,1,41.38,60.7,-25.8,-44.01,51.06,69.23,64.63,115,-85,33,68,369,570,885,846,231,15:19:10
3,46,0,5.71,94.18,-36.96,-29.21,73.87,64.96,86.07,-65,-29,180,599,553,819,932,781,115,08:22:07
3,12,0,96.57,38.17,45.49,-24.23,18.15,33.31,21.51,127,169,-64,640,344,795,294,496,790,15:21:45
1,18,0,2.35,15.62,-30.92,-47.27,70.09,66.01,22.76,57,-12,15,939,944,1022,896,978,395,22:53:36
6,44,1,18.73,78.57,35.02,-46.69,86.4,40.55,60.03,-60,159,-4,858,78,26,574,504,996,10:02:45
10,28,1,96.49,30.76,48.86,27.86,54.61,23.68,83.13,-79,121,180,980,1018,585,551,106,595,19:22:55
